Month,Product_ID,Product_Name,Category,Produced_Units,Good_Units,Sales_Units,Revenue,COGS,Profit,Lead_Time_days,Efficiency_u_per_h,Inventory,Defect_Rate,Downtime_hours,Raw_Material_Cost,Employee_Satisfaction,NPS,MoM_Sales_pct,YoY_Sales_pct,MoM_LeadTime_pct,MoM_Eff_pct
2022-01-01,P001,SKI_SKU_01,Skincare,4238,4164,4008,216632.86,160988.68,34689.56,6.6,36.08200000000001,2872.2,0.016120000000000002,6.42,2209.91,7.106,33.28,,,,
2022-02-01,P001,SKI_SKU_01,Skincare,3849,3793,3758,209337.97,139558.74,48194.11,7.5,40.5125,3100.5,0.013975000000000001,6.4,2052.19,7.01,37.05,-0.06237524950099804,,0.13636363636363646,0.12278975666537306
2022-03-01,P001,SKI_SKU_01,Skincare,3725,3667,3328,174485.84,136630.26,11512.870000000003,5.75,35.3975,2955.0,0.014375,3.9274999999999998,1855.01,7.25,22.75,-0.11442256519425231,,-0.23333333333333328,-0.12625732798518985
2022-04-01,P001,SKI_SKU_01,Skincare,3544,3456,3284,174536.46,130631.83,28447.120000000003,5.0,35.4925,3477.25,0.021975,5.28,1665.38,6.4325,21.150000000000002,-0.013221153846153855,,-0.13043478260869568,0.0026838053534854467
2022-05-01,P001,SKI_SKU_01,Skincare,4352,4262,3697,203442.49,168781.25,5834.9,8.8,37.980000000000004,3456.2,0.02018,7.0280000000000005,2409.9,6.998,34.540000000000006,0.12576126674786847,,0.7600000000000002,0.07008522927379035
2022-06-01,P001,SKI_SKU_01,Skincare,3174,3103,3134,149158.84,115759.01000000001,13501.060000000001,6.0,32.595,3695.0,0.025275,6.065,1797.29,6.7925,29.7,-0.15228563700297537,,-0.31818181818181823,-0.14178515007898906
2022-07-01,P001,SKI_SKU_01,Skincare,3754,3672,3402,185750.14,136227.18,28204.47,6.5,40.965,2906.0,0.020825,7.3275,1970.65,6.8475,30.0,0.08551372048500316,,0.08333333333333326,0.2567878508973771
2022-08-01,P001,SKI_SKU_01,Skincare,4404,4259,4348,222422.35,166011.86,30691.43,8.4,36.022000000000006,2949.0,0.033839999999999995,5.518,2148.67,6.973999999999999,25.72,0.27807172251616685,,0.2923076923076924,-0.12066398144757717
2022-09-01,P001,SKI_SKU_01,Skincare,4321,4205,4040,215843.08000000002,157328.82,35690.89,5.0,43.9925,2571.25,0.025974999999999998,5.34,2639.02,6.7275,27.2,-0.07083716651333949,,-0.40476190476190477,0.22126755871411885
2022-10-01,P001,SKI_SKU_01,Skincare,4959,4855,5485,258637.75,183744.34,39003.41,5.8,39.192,3100.6,0.021660000000000002,4.498,2496.76,6.781999999999999,35.28,0.35767326732673266,,0.15999999999999992,-0.10912087287605843
2022-11-01,P001,SKI_SKU_01,Skincare,4041,3972,3945,187447.95,146771.18,19404.53,9.25,38.46,3185.0,0.018,3.96,2123.9900000000002,6.8725000000000005,21.7,-0.2807657247037375,,0.5948275862068966,-0.018677281077771002
2022-12-01,P001,SKI_SKU_01,Skincare,3925,3828,3694,186828.66,147958.1,13091.88,8.75,42.1725,3061.5,0.023725,6.9174999999999995,1972.28,7.552499999999999,32.45,-0.06362484157160964,,-0.05405405405405406,0.09652886115444614
2023-01-01,P001,SKI_SKU_01,Skincare,4437,4334,4158,224916.88,168271.08,29255.12,9.8,37.980000000000004,2623.4,0.022359999999999998,6.703999999999999,2440.07,7.6,23.6,0.12560909583107738,0.03742514970059885,0.1200000000000001,-0.09941312466654795
2023-02-01,P001,SKI_SKU_01,Skincare,3085,3056,2891,162586.02,116488.84,25358.829999999998,5.5,30.8475,2876.25,0.008025,4.7425,1655.9299999999998,6.95,30.875,-0.3047138047138047,-0.2307078233102714,-0.4387755102040817,-0.1877962085308058
2023-03-01,P001,SKI_SKU_01,Skincare,4012,3903,3613,200986.03,150900.01,28628.65,5.0,38.349999999999994,2595.75,0.025175,4.055,2193.21,6.55,17.275,0.2497405741957801,0.08563701923076916,-0.09090909090909094,0.2432125780047003
2023-04-01,P001,SKI_SKU_01,Skincare,3811,3749,3482,192208.18,138863.57,31952.95,3.75,37.41,3475.5,0.016225,4.6875,1966.21,7.25,47.925,-0.03625795737614168,0.06029232643118143,-0.25,-0.024511082138200746
2023-05-01,P001,SKI_SKU_01,Skincare,4875,4754,4548,242523.94,181947.06,27332.04,5.8,40.902,2990.2,0.02362,6.3839999999999995,2514.26,7.312,25.96,0.30614589316484775,0.23018663781444415,0.5466666666666666,0.09334402566158784
2023-06-01,P001,SKI_SKU_01,Skincare,3638,3514,3051,166867.95,133628.84,16922.89,7.5,38.6225,3037.5,0.0334,6.192500000000001,1681.58,7.25,35.9,-0.329155672823219,-0.026483726866624147,0.2931034482758621,-0.055730771111437094
2023-07-01,P001,SKI_SKU_01,Skincare,4642,4554,4522,225590.46000000002,171895.16,21674.309999999998,7.6,39.294,3226.8,0.018340000000000002,6.514,2238.78,7.302,30.8,0.4821370042608981,0.32921810699588483,0.013333333333333197,0.017386238591494463
2023-08-01,P001,SKI_SKU_01,Skincare,4294,4215,3891,213115.75,160498.58000000002,32070.97,7.5,46.845,3875.25,0.017825,7.105,2242.65,7.31,26.75,-0.13954002653693054,-0.10510579576816925,-0.013157894736842035,0.19216674301420067
2023-09-01,P001,SKI_SKU_01,Skincare,4086,4005,4083,219885.99,145163.83000000002,53131.619999999995,6.0,41.0075,2883.25,0.018525,5.13,2135.2799999999997,6.782500000000001,26.549999999999997,0.049344641480339346,0.010643564356435542,-0.19999999999999996,-0.12461308570818652
2023-10-01,P001,SKI_SKU_01,Skincare,4769,4725,4574,246753.34,176254.66,43412.090000000004,8.2,40.756,3227.6,0.00878,6.7299999999999995,2308.92,7.436,18.919999999999998,0.12025471467058546,-0.1660893345487694,0.3666666666666665,-0.00613302444674757
2023-11-01,P001,SKI_SKU_01,Skincare,3802,3754,3676,191355.3,145838.9,24943.21,9.0,39.555,2766.0,0.012725,6.045,2274.76,7.202500000000001,33.4,-0.19632706602536076,-0.06818757921419516,0.09756097560975618,-0.029468053783492043
2023-12-01,P001,SKI_SKU_01,Skincare,4236,4148,3791,209794.66999999998,155839.9,34090.69,4.75,44.3525,2497.25,0.020025,6.195,2141.66,7.3025,39.35,0.03128400435255707,0.02625879805089326,-0.4722222222222222,0.12128681582606493
2024-01-01,P001,SKI_SKU_01,Skincare,4945,4848,5010,260030.31,182401.76,48598.42,7.6,40.584,2943.2,0.01978,5.444,2634.1,7.25,26.2,0.32155104194144024,0.20490620490620493,0.5999999999999999,-0.08496702553407354
2024-02-01,P001,SKI_SKU_01,Skincare,3759,3671,3495,177775.64,137710.13,18222.48,3.75,39.3425,3077.25,0.02245,6.279999999999999,1921.69,6.577500000000001,32.625,-0.3023952095808383,0.20892424766516782,-0.506578947368421,-0.030590873250542105
2024-03-01,P001,SKI_SKU_01,Skincare,4231,4143,4365,210522.1,153265.16999999998,31929.54,9.0,44.915,3176.0,0.02035,6.6175,1941.8400000000001,7.425,31.825,0.24892703862660936,0.20813728203708837,1.4,0.14164071932388622
2024-04-01,P001,SKI_SKU_01,Skincare,4239,4159,3667,195478.84999999998,160606.28,14748.84,8.2,33.70399999999999,3172.8,0.01746,4.956,2048.54,7.1659999999999995,23.0,-0.15990836197021763,0.05313038483630095,-0.08888888888888902,-0.2496048090838251
2024-05-01,P001,SKI_SKU_01,Skincare,4039,3919,3741,199061.56,145794.54,32106.86,6.25,41.8725,2940.25,0.0313,5.915,2100.92,6.8675,29.25,0.020179983637851118,-0.17744063324538262,-0.23780487804878048,0.24235995727510118
2024-06-01,P001,SKI_SKU_01,Skincare,3554,3465,3775,185948.85,135360.44,25443.58,5.0,35.042500000000004,2830.5,0.02385,4.1675,1815.85,6.5825000000000005,23.7,0.009088479016305717,0.2372992461488037,-0.19999999999999996,-0.16311421577407603
2024-07-01,P001,SKI_SKU_01,Skincare,4350,4302,4042,222773.09,159583.55,41342.34,5.6,36.142,3157.2,0.010839999999999999,6.136,2209.12,7.874,32.260000000000005,0.07072847682119199,-0.10614772224679347,0.11999999999999988,0.03137618605978454
2024-08-01,P001,SKI_SKU_01,Skincare,4066,3925,3697,203648.86000000002,149616.86,36529.74,8.5,42.465,2775.25,0.03255,6.3525,2055.43,6.5525,36.175,-0.0853537852548244,-0.049858648162426134,0.517857142857143,0.1749488130153285
2024-09-01,P001,SKI_SKU_01,Skincare,4438,4334,3938,218452.25,167611.07,30773.19,6.6,37.69,2956.4,0.021259999999999998,6.178,2698.84,7.42,33.980000000000004,0.06518799026237487,-0.035513103110457966,-0.22352941176470598,-0.11244554338867319
2024-10-01,P001,SKI_SKU_01,Skincare,4185,4141,4387,203074.54,157411.52000000002,20968.87,8.5,44.825,2565.25,0.010275,6.9275,1735.87,7.0025,21.325,0.11401726764855247,-0.04088325317009178,0.28787878787878785,0.18930750862297696
2024-11-01,P001,SKI_SKU_01,Skincare,4222,4129,3935,196143.07,156640.37,17693.68,4.25,42.792500000000004,2753.5,0.021675,5.57,2338.12,7.125,33.025,-0.1030316845224527,0.07045701849836772,-0.5,-0.045343000557724444
2024-12-01,P001,SKI_SKU_01,Skincare,4837,4765,4467,247515.25,178250.06,42078.83,4.8,42.908,2848.2,0.01416,7.516,2587.2200000000003,6.95,28.380000000000003,0.1351969504447268,0.17831706673700864,0.12941176470588234,0.002699071098907435
2022-01-01,P002,SKI_SKU_02,Skincare,4486,4436,3790,78894.01000000001,122916.36,-60603.2,7.2,38.862,2950.8,0.01092,6.6579999999999995,2848.86,7.192,34.14,,,,
2022-02-01,P002,SKI_SKU_02,Skincare,3702,3641,3407,66713.64,97787.34,-45671.31,6.0,35.957499999999996,2143.25,0.0159,4.4325,2059.83,7.41,34.6,-0.1010554089709762,,-0.16666666666666674,-0.07473881941227944
2022-03-01,P002,SKI_SKU_02,Skincare,3379,3316,3214,59577.369999999995,88415.11,-45431.49,7.5,37.43,2301.25,0.018275,7.0275,2041.64,6.395,32.45,-0.05664807748752565,,0.25,0.04095112285336877
2022-04-01,P002,SKI_SKU_02,Skincare,3582,3531,3925,64041.04,96860.63,-52123.65,6.0,37.355000000000004,3010.75,0.0143,5.915,1892.74,7.57,31.7,0.2212196639701307,,-0.19999999999999996,-0.002003740315255076
2022-05-01,P002,SKI_SKU_02,Skincare,5084,5022,4852,93803.88,133122.45,-62510.630000000005,6.2,40.896,3074.0,0.0118,5.3340000000000005,2607.44,7.580000000000001,18.740000000000002,0.23617834394904458,,0.03333333333333344,0.09479320037478245
2022-06-01,P002,SKI_SKU_02,Skincare,4211,4177,4180,83812.43000000001,115188.95,-41844.43,4.0,43.79,3684.0,0.007975,6.05,2452.9300000000003,7.665,14.450000000000001,-0.13849958779884586,,-0.3548387096774194,0.07076486697965567
2022-07-01,P002,SKI_SKU_02,Skincare,3834,3775,3594,71719.33,100293.76000000001,-40918.71000000001,8.75,39.4225,2682.0,0.01515,5.8025,2442.4700000000003,7.54,39.975,-0.14019138755980864,,1.1875,-0.09973738296414703
2022-08-01,P002,SKI_SKU_02,Skincare,4617,4524,4721,90786.70999999999,125209.03,-52715.1,7.0,36.233999999999995,3355.2,0.0194,4.884,2474.2,7.2219999999999995,30.060000000000002,0.31357818586533104,,-0.19999999999999996,-0.08088020800304407
2022-09-01,P002,SKI_SKU_02,Skincare,3650,3564,3589,72591.82,102009.93,-46808.479999999996,6.5,37.8,2920.75,0.022600000000000002,5.9875,1985.05,7.2749999999999995,35.525,-0.23977970768904888,,-0.0714285714285714,0.04321907600596142
2022-10-01,P002,SKI_SKU_02,Skincare,4595,4536,4939,88150.65,120178.56999999999,-56498.28,6.8,37.272000000000006,3237.6,0.012620000000000001,5.3759999999999994,2611.0299999999997,7.590000000000001,39.04,0.3761493452215101,,0.04615384615384621,-0.013968253968253741
2022-11-01,P002,SKI_SKU_02,Skincare,4370,4300,4855,84664.69,117291.55,-43129.66,8.0,43.5225,2319.0,0.015375,5.15,2163.55,7.1575,13.350000000000001,-0.017007491395019225,,0.17647058823529416,0.16769961365099784
2022-12-01,P002,SKI_SKU_02,Skincare,4324,4246,3792,76366.76,112163.34000000001,-50800.45,5.5,48.055,2897.75,0.01825,7.68,2824.02,7.2525,37.15,-0.21894953656024718,,-0.3125,0.10414153598713316
2023-01-01,P002,SKI_SKU_02,Skincare,4622,4495,4403,86807.5,124347.01999999999,-57186.86,7.8,42.922,3104.4,0.02498,7.56,2529.69,7.328,29.04,0.1611286919831223,0.16174142480211073,0.4181818181818182,-0.10681510768910629
2023-02-01,P002,SKI_SKU_02,Skincare,3928,3855,3564,66509.42,104494.83,-53089.49,9.75,38.5625,2136.0,0.01665,4.765,2782.54,6.55,25.55,-0.1905518964342494,0.04608159671265044,0.25,-0.10156796048646377
2023-03-01,P002,SKI_SKU_02,Skincare,4132,4047,3821,77407.91,105517.98000000001,-42728.11,6.75,41.07,2993.75,0.020925,4.84,2301.84,6.5775,24.950000000000003,0.07210998877665542,0.18886123210952088,-0.3076923076923077,0.06502431118314433
2023-04-01,P002,SKI_SKU_02,Skincare,3914,3819,3612,74751.23999999999,104817.71,-45968.78,6.25,40.4625,3990.5,0.0258,5.8925,2132.06,6.97,29.625,-0.05469772310913379,-0.07974522292993635,-0.07407407407407407,-0.014791818845872995
2023-05-01,P002,SKI_SKU_02,Skincare,5182,5076,5043,99277.19,138693.85,-59914.33,3.6,43.760000000000005,3030.6,0.020579999999999998,6.45,3005.29,7.462000000000001,29.080000000000002,0.39617940199335555,0.03936521022258854,-0.42399999999999993,0.08149521161569373
2023-06-01,P002,SKI_SKU_02,Skincare,3633,3514,3462,69316.15,94644.21,-41195.34,7.0,35.075,3927.5,0.0322,4.1850000000000005,2211.6800000000003,7.42,29.200000000000003,-0.3135038667459845,-0.17177033492822968,0.9444444444444444,-0.19846892138939676
2023-07-01,P002,SKI_SKU_02,Skincare,4738,4592,4614,96428.83,122859.55,-44022.68,5.8,35.962,3154.8,0.03184,3.914,3061.65,7.459999999999999,26.48,0.33275563258232244,0.2838063439065108,-0.17142857142857149,0.02528866714183886
2023-08-01,P002,SKI_SKU_02,Skincare,3693,3565,4036,67571.1,97039.78,-40502.28,7.0,37.7525,2693.25,0.03395,5.3875,2380.83,7.535,30.625,-0.12527091460771567,-0.14509637788604113,0.2068965517241379,0.04978866581391461
2023-09-01,P002,SKI_SKU_02,Skincare,3556,3460,3368,67655.45999999999,95209.06999999999,-40801.97,7.5,39.1025,2930.75,0.030025000000000003,7.085,1902.56,7.16,35.275,-0.1655104063429138,-0.061577040958484264,0.0714285714285714,0.03575922124362618
2023-10-01,P002,SKI_SKU_02,Skincare,4578,4444,4113,80691.14,128008.23,-63332.63,8.0,39.966,2787.0,0.02876,6.802,3134.1,7.264,31.18,0.22119952494061756,-0.1672403320510225,0.06666666666666665,0.02208298702129019
2023-11-01,P002,SKI_SKU_02,Skincare,4246,4186,3808,75263.97,111059.98999999999,-51040.68,6.25,41.8425,2927.0,0.013274999999999999,4.8325000000000005,2138.91,6.672499999999999,22.125,-0.07415511791879403,-0.21565396498455203,-0.21875,0.04695240954811597
2023-12-01,P002,SKI_SKU_02,Skincare,4328,4226,4478,81819.88,118002.97,-51826.72,8.75,48.364999999999995,2825.25,0.0255,7.720000000000001,2886.0699999999997,7.2525,43.075,0.17594537815126055,0.18090717299578052,0.3999999999999999,0.15588217721216457
2024-01-01,P002,SKI_SKU_02,Skincare,4727,4631,4452,85367.26000000001,128043.04000000001,-63137.58,7.6,35.013999999999996,3329.8,0.01964,3.2099999999999995,2674.9,7.058,33.38,-0.005806163465832959,0.0111287758346581,-0.13142857142857145,-0.27604672800578933
2024-02-01,P002,SKI_SKU_02,Skincare,3658,3577,3501,69936.01000000001,97854.35,-42118.21,6.0,37.1875,3265.75,0.02165,5.7475000000000005,2050.7200000000003,6.84,41.55,-0.2136118598382749,-0.017676767676767624,-0.21052631578947367,0.06207516993202722
2024-03-01,P002,SKI_SKU_02,Skincare,4080,3972,4011,82587.05,106918.34,-40804.06,7.25,43.95,3202.75,0.0269,6.9475,2704.49,7.51,29.925,0.14567266495287057,0.04972520282648518,0.20833333333333326,0.18184873949579838
2024-04-01,P002,SKI_SKU_02,Skincare,5145,5041,4845,92778.24,137955.42,-62436.1,7.0,45.278,2621.4,0.0191,7.4,2663.44,7.056,27.5,0.2079281974569933,0.3413621262458473,-0.03448275862068961,0.030216154721274036
2024-05-01,P002,SKI_SKU_02,Skincare,4539,4447,4208,83056.38,119165.7,-54590.43,7.25,49.0075,3238.0,0.020975,6.885,2555.44,6.275,23.025,-0.13147574819401442,-0.1655760460043625,0.03571428571428581,0.08236892088873193
2024-06-01,P002,SKI_SKU_02,Skincare,3415,3338,2938,58212.1,93372.48,-50562.630000000005,5.75,35.425,2353.5,0.0241,6.1049999999999995,1953.3,6.88,24.9,-0.3018060836501901,-0.1513575967648758,-0.2068965517241379,-0.27715145640973327
2024-07-01,P002,SKI_SKU_02,Skincare,4638,4537,4682,90759.95,124506.94,-50884.81,9.0,39.965999999999994,3475.2,0.0211,6.903999999999999,3139.24,7.5920000000000005,27.24,0.5936010891763104,0.01473775465973115,0.5652173913043479,0.1281863091037403
2024-08-01,P002,SKI_SKU_02,Skincare,3801,3744,3420,69825.81,102395.23,-46423.759999999995,7.5,37.815,2950.0,0.014000000000000002,4.6075,2288.49,6.585,18.400000000000002,-0.269542930371636,-0.15262636273538155,-0.16666666666666663,-0.05382074763549005
2024-09-01,P002,SKI_SKU_02,Skincare,4847,4741,4761,91699.69,126780.7,-54002.369999999995,7.2,40.04600000000001,2598.2,0.020700000000000003,5.818,3392.91,7.469999999999999,25.14,0.39210526315789473,0.4135985748218527,-0.039999999999999925,0.058997752214729804
2024-10-01,P002,SKI_SKU_02,Skincare,3491,3419,3485,68107.43000000001,95598.89,-43286.39,6.75,36.9275,3174.5,0.021375,6.3625,1804.66,6.5075,31.275,-0.2680109220751943,-0.15268660345246776,-0.0625,-0.07787294611197138
2024-11-01,P002,SKI_SKU_02,Skincare,4172,4109,3968,77043.12,111262.83,-54181.25,7.75,41.635,2956.0,0.0167,5.1225000000000005,2818.17,7.04,33.0,0.13859397417503594,0.04201680672268915,0.14814814814814814,0.1274795206824182
2024-12-01,P002,SKI_SKU_02,Skincare,5461,5270,5022,102881.4,148220.21,-59798.68,4.8,47.4,3258.2,0.03422,7.164,2991.66,6.806,21.72,0.265625,0.12148280482358187,-0.38064516129032255,0.13846523357751894
2022-01-01,P003,FRA_SKU_03,Fragrance,3077,2994,2844,137028.07,60402.32,54031.56,8.0,27.25,2835.6,0.0258,7.442,3577.6,8.006,36.839999999999996,,,,
2022-02-01,P003,FRA_SKU_03,Fragrance,2492,2456,2574,118863.9,49261.01,51447.57000000001,3.5,22.8375,3069.25,0.013,2.825,1981.9,7.1325,38.875,-0.09493670886075944,,-0.5625,-0.16192660550458726
2022-03-01,P003,FRA_SKU_03,Fragrance,2519,2471,2554,121916.92,49092.740000000005,53578.1,5.5,27.825,2744.75,0.018349999999999998,7.5625,2115.79,6.285,21.0,-0.007770007770007803,,0.5714285714285714,0.21839080459770122
2022-04-01,P003,FRA_SKU_03,Fragrance,2637,2580,2294,116141.22,50699.67,46737.62,9.75,27.905,2922.75,0.021400000000000002,6.5175,2685.2,6.7825,34.724999999999994,-0.10180109631949885,,0.7727272727272727,0.0028751123090746677
2022-05-01,P003,FRA_SKU_03,Fragrance,3060,2973,2632,129851.85,57847.66,51160.8,8.0,26.878000000000004,2883.6,0.027860000000000003,7.446,2701.21,6.714,27.7,0.14734088927637323,,-0.17948717948717952,-0.03680344024368387
2022-06-01,P003,FRA_SKU_03,Fragrance,2669,2608,2540,126800.36,50925.56,59370.89,3.5,25.275,3002.75,0.021325,3.495,2498.92,7.28,33.3,-0.03495440729483279,,-0.5625,-0.0596398541558153
2022-07-01,P003,FRA_SKU_03,Fragrance,2363,2329,2293,106653.28,44248.86,48078.96,6.75,25.9675,2572.25,0.014225,7.2625,2058.62,6.875,24.475,-0.09724409448818894,,0.9285714285714286,0.027398615232443246
2022-08-01,P003,FRA_SKU_03,Fragrance,2924,2836,2519,121869.38,57304.72,39158.4,6.6,24.196,3012.8,0.029339999999999998,6.029999999999999,2791.42,7.556,32.38,0.0985608373310074,,-0.022222222222222254,-0.0682198902474247
2022-09-01,P003,FRA_SKU_03,Fragrance,2325,2262,2083,104598.54000000001,43429.21,43339.0,5.25,24.605,3352.0,0.02505,6.1825,1796.46,7.279999999999999,9.95,-0.1730845573640334,,-0.20454545454545447,0.01690362043312943
2022-10-01,P003,FRA_SKU_03,Fragrance,2946,2893,2758,123210.7,56342.259999999995,43793.520000000004,5.8,25.692,3496.6,0.01652,6.956,2661.47,7.1739999999999995,29.139999999999997,0.3240518482957273,,0.10476190476190483,0.044178012599065175
2022-11-01,P003,FRA_SKU_03,Fragrance,2777,2698,2799,126267.98999999999,54066.75,56533.37,6.5,32.17,3252.25,0.028124999999999997,8.4275,2586.2999999999997,5.8075,35.25,0.014865844815083351,,0.12068965517241392,0.25214074420052945
2022-12-01,P003,FRA_SKU_03,Fragrance,2970,2936,3243,145751.22,57338.21,66783.97,7.0,32.0575,2978.5,0.011175000000000001,6.91,2755.4,6.9725,15.925,0.1586280814576635,,0.07692307692307687,-0.003497046938141235
2023-01-01,P003,FRA_SKU_03,Fragrance,2975,2925,2888,136430.55,57669.97,60926.479999999996,4.4,26.526,3147.2,0.01632,7.76,2867.5,7.44,28.7,-0.10946654332408268,0.015471167369901506,-0.37142857142857133,-0.17254932543086632
2023-02-01,P003,FRA_SKU_03,Fragrance,2680,2632,2420,120271.74,51529.04,50119.13,3.75,29.16,2624.25,0.016375,7.3149999999999995,2618.52,6.84,36.55,-0.16204986149584488,-0.05982905982905984,-0.14772727272727282,0.0992988011762046
2023-03-01,P003,FRA_SKU_03,Fragrance,2283,2253,2057,101704.44,42436.78,35903.06,5.75,25.2725,2394.25,0.011825,7.045,2080.73,7.045,31.799999999999997,-0.15000000000000002,-0.19459671104150356,0.5333333333333334,-0.13331618655692723
2023-04-01,P003,FRA_SKU_03,Fragrance,2597,2504,2171,106543.67,51136.79,39736.66,7.0,24.9875,3013.75,0.035275,4.2275,2569.48,7.495,37.0,0.0554205153135634,-0.053618134263295536,0.21739130434782616,-0.011277079829854597
2023-05-01,P003,FRA_SKU_03,Fragrance,3337,3237,3610,143815.44,62698.34,64110.76,6.6,27.932,2591.2,0.02974,6.072,3661.83,7.08,32.1,0.6628281897742976,0.371580547112462,-0.05714285714285716,0.1178389194597298
2023-06-01,P003,FRA_SKU_03,Fragrance,2134,2086,1962,96237.98,40623.59,41342.29,7.5,21.39,3491.75,0.02055,5.0875,2176.81,7.2524999999999995,22.125,-0.4565096952908587,-0.22755905511811025,0.13636363636363646,-0.23421165688099665
2023-07-01,P003,FRA_SKU_03,Fragrance,3273,3199,2839,141105.28999999998,61432.39,57384.770000000004,5.2,28.195999999999998,3516.4,0.02208,6.719999999999999,3007.21,7.306,26.119999999999997,0.44699286442405706,0.23811600523331888,-0.30666666666666664,0.31818606825619433
2023-08-01,P003,FRA_SKU_03,Fragrance,2698,2606,2563,121503.78,50573.72,51129.86,9.5,29.0825,3210.0,0.0334,6.725,2012.33,8.1225,23.025,-0.0972173300457908,0.017467248908296984,0.8269230769230769,0.03144062987657836
2023-09-01,P003,FRA_SKU_03,Fragrance,2535,2526,2530,119700.18000000001,46591.5,54330.520000000004,7.75,30.015,3173.75,0.00365,8.879999999999999,2251.5299999999997,7.0675,25.5,-0.012875536480686733,0.21459433509361503,-0.1842105263157895,0.032063955987277515
2023-10-01,P003,FRA_SKU_03,Fragrance,3222,3152,3461,157371.06,63283.39,71043.92,5.4,25.998,2576.0,0.021660000000000002,5.3759999999999994,3040.63,7.19,17.22,0.36798418972332025,0.2548948513415519,-0.3032258064516129,-0.13383308345827083
2023-11-01,P003,FRA_SKU_03,Fragrance,2735,2688,2652,134696.95,52893.29,65325.72,7.0,27.86,2801.25,0.016825,5.51,2380.34,6.9,27.15,-0.23374747182895117,-0.052518756698821,0.2962962962962963,0.07162089391491655
2023-12-01,P003,FRA_SKU_03,Fragrance,3258,3179,3212,145787.86,61814.18,67036.73,6.0,33.535000000000004,3529.25,0.025975,6.055,3575.02,6.2275,35.775,0.21116138763197578,-0.00955905026210302,-0.1428571428571429,0.20369705671213234
2024-01-01,P003,FRA_SKU_03,Fragrance,2978,2928,3190,134074.43,56633.13,57361.729999999996,6.8,24.548000000000002,2788.6,0.0186,5.562,2666.9900000000002,7.118,34.78,-0.006849315068493178,0.10457063711911352,0.1333333333333333,-0.26798866855524084
2024-02-01,P003,FRA_SKU_03,Fragrance,2526,2507,2329,116312.98999999999,46386.94,54092.21,5.5,26.2825,2554.0,0.0062,6.3225,2233.1,6.855,26.049999999999997,-0.2699059561128526,-0.03760330578512394,-0.19117647058823528,0.07065748737167987
2024-03-01,P003,FRA_SKU_03,Fragrance,2581,2501,2236,108081.09,48623.97,44105.31,5.0,28.1275,2617.75,0.031475,6.97,2776.74,6.5925,25.875,-0.03993130098754827,0.08701993193971802,-0.09090909090909094,0.07019880148387725
2024-04-01,P003,FRA_SKU_03,Fragrance,3108,3055,2905,142023.01,59706.1,63063.41,5.6,26.915999999999997,3362.4,0.01598,6.425999999999999,3276.52,5.974,26.96,0.2991949910554561,0.3380930446798711,0.11999999999999988,-0.04307172695760397
2024-05-01,P003,FRA_SKU_03,Fragrance,2566,2523,2302,113275.26000000001,50243.06,42933.979999999996,4.75,28.732499999999998,3137.0,0.016599999999999997,7.484999999999999,2473.5,6.547499999999999,30.825000000000003,-0.2075731497418244,-0.3623268698060942,-0.1517857142857142,0.06748773963441823
2024-06-01,P003,FRA_SKU_03,Fragrance,2605,2564,2817,131476.87,50233.09,56932.28,6.5,29.387500000000003,2888.5,0.0152,7.6425,2132.86,7.3549999999999995,28.900000000000002,0.22371850564726325,0.4357798165137614,0.368421052631579,0.022796484816845153
2024-07-01,P003,FRA_SKU_03,Fragrance,3220,3135,2835,139770.08000000002,61154.06,58739.4,6.6,27.701999999999998,2898.6,0.02546,6.85,3127.82,6.944,31.76,0.006389776357827559,-0.001408946812257783,0.01538461538461533,-0.05735431731178242
2024-08-01,P003,FRA_SKU_03,Fragrance,2947,2888,2685,134069.97,55818.19,58536.18,6.5,30.1325,2727.75,0.019174999999999998,5.7175,2636.31,6.8,27.475,-0.05291005291005291,0.04760046820132646,-0.015151515151515138,0.08773734748393625
2024-09-01,P003,FRA_SKU_03,Fragrance,2886,2800,2645,132368.59,55425.44,56325.18,7.8,24.296,2787.0,0.028500000000000004,6.19,2792.43,6.238,32.260000000000005,-0.014897579143389184,0.045454545454545414,0.19999999999999996,-0.19369451588816067
2024-10-01,P003,FRA_SKU_03,Fragrance,2964,2891,2809,133804.36,57458.81,59881.1,7.25,27.2475,3032.0,0.025275,3.0075000000000003,2938.33,6.6325,15.85,0.062003780718336454,-0.18838485986709042,-0.07051282051282048,0.12148090220612451
2024-11-01,P003,FRA_SKU_03,Fragrance,2961,2906,2884,133298.63,57739.81,52152.87,8.0,32.79,3224.5,0.018925,7.6675,2361.13,7.9350000000000005,32.6,0.026699893200427205,0.08748114630467563,0.10344827586206895,0.20341315717038255
2024-12-01,P003,FRA_SKU_03,Fragrance,3563,3460,3120,156308.94,66155.18,70271.09,6.4,29.976,3158.0,0.0274,6.034,3108.66,7.0840000000000005,33.36,0.08183079056865461,-0.028642590286425906,-0.19999999999999996,-0.08581884720951505
2022-01-01,P004,SKI_SKU_04,Skincare,6270,6183,5745,271671.88,13446.42,233378.11000000002,4.6,52.75599999999999,2706.0,0.013799999999999998,6.384,1997.9,6.378,35.42,,,,
2022-02-01,P004,SKI_SKU_04,Skincare,4846,4758,4599,217444.14,10334.57,184308.38,4.5,49.19,2584.25,0.0182,5.13,1600.49,6.18,15.774999999999999,-0.1994778067885118,,-0.021739130434782483,-0.06759420729395704
2022-03-01,P004,SKI_SKU_04,Skincare,4552,4481,4086,200910.94,9609.55,166228.03999999998,6.5,45.1,3042.75,0.015525,4.9075,1733.71,7.2175,30.6,-0.11154598825831707,,0.4444444444444444,-0.08314698109371821
2022-04-01,P004,SKI_SKU_04,Skincare,5398,5307,5133,252689.92,11477.57,216661.15000000002,8.25,61.47749999999999,3497.5,0.01695,7.9625,2188.66,7.1825,34.85,0.2562408223201176,,0.26923076923076916,0.36313747228381343
2022-05-01,P004,SKI_SKU_04,Skincare,6756,6639,6609,314856.06,14610.95,271545.17000000004,9.4,53.012,3362.8,0.0166,4.8260000000000005,2687.75,7.965999999999999,27.48,0.28755113968439505,,0.1393939393939394,-0.13770078483998194
2022-06-01,P004,SKI_SKU_04,Skincare,4282,4199,4056,177731.4,9404.75,145082.57,7.75,45.38,2495.25,0.019549999999999998,6.6925,1679.87,7.0725,18.5,-0.38629142078983203,,-0.17553191489361708,-0.14396740360673055
2022-07-01,P004,SKI_SKU_04,Skincare,4589,4506,4352,199613.87,9405.86,164101.41,5.75,45.5175,2726.0,0.0172,4.9725,1610.06,6.8774999999999995,37.175,0.07297830374753445,,-0.25806451612903225,0.0030299691494048986
2022-08-01,P004,SKI_SKU_04,Skincare,6109,6040,6126,285275.47,12956.689999999999,239031.55,7.4,50.524,3033.4,0.01154,5.786,2484.66,7.882,32.239999999999995,0.4076286764705883,,0.28695652173913055,0.10999066293183946
2022-09-01,P004,SKI_SKU_04,Skincare,4934,4814,4539,212998.14,10805.99,178687.51,6.0,49.2775,2545.5,0.02465,5.1775,1800.62,7.2375,39.9,-0.2590597453476984,,-0.18918918918918926,-0.02467144327448334
2022-10-01,P004,SKI_SKU_04,Skincare,6265,6135,6169,257281.66,13533.74,212298.33,7.6,56.414,3063.6,0.02066,7.109999999999999,2013.88,7.164,37.62,0.3591099361092751,,0.2666666666666666,0.14482268783927754
2022-11-01,P004,SKI_SKU_04,Skincare,5669,5519,5033,223591.34000000003,12384.27,183244.76,6.5,58.29,2856.25,0.02685,5.7875,2430.23,6.455,24.1,-0.18414653914734969,,-0.14473684210526316,0.03325415676959609
2022-12-01,P004,SKI_SKU_04,Skincare,5861,5708,5804,252979.18,12357.470000000001,210391.2,5.5,59.22,2927.75,0.025925,5.115,1625.74,6.3625,32.15,0.15318895291078882,,-0.15384615384615385,0.015954709212557816
2023-01-01,P004,SKI_SKU_04,Skincare,5998,5896,6208,258302.91,12669.58,214635.18,6.8,50.217999999999996,3306.4,0.01538,6.112,2790.84,7.122,29.78,0.06960716747070994,0.08059181897301992,0.23636363636363633,-0.15200945626477547
2023-02-01,P004,SKI_SKU_04,Skincare,4492,4301,4148,179068.74,9572.6,151575.6,12.0,50.9675,2072.5,0.0422,7.7625,1916.61,6.585,30.375,-0.33182989690721654,-0.09806479669493373,0.7647058823529411,0.014924927316898318
2023-03-01,P004,SKI_SKU_04,Skincare,5302,5143,4570,217732.79,11319.12,186064.9,6.75,53.945,2880.5,0.029699999999999997,5.470000000000001,2034.33,6.2875,28.9,0.10173577627772423,0.11845325501713178,-0.4375,0.05841958110560652
2023-04-01,P004,SKI_SKU_04,Skincare,5077,4938,4491,212081.06,10866.79,179927.42,6.0,51.4375,2586.5,0.02615,5.4625,2262.73,6.4425,25.45,-0.017286652078774667,-0.12507305669199298,-0.11111111111111116,-0.04648252850125123
2023-05-01,P004,SKI_SKU_04,Skincare,6360,6255,6043,272825.35,13670.18,227248.39,5.6,54.065999999999995,2926.8,0.016139999999999998,6.6659999999999995,2197.36,6.976000000000001,32.56,0.34558004898686256,-0.08564079285822368,-0.06666666666666676,0.05110085054678004
2023-06-01,P004,SKI_SKU_04,Skincare,5822,5671,5608,266675.19999999995,12092.57,230506.48,8.25,58.215,2799.0,0.025525,5.115,2110.44,8.0375,23.025,-0.07198411385073644,0.38264299802761337,0.4732142857142858,0.07673954056153609
2023-07-01,P004,SKI_SKU_04,Skincare,6087,5970,5766,286837.26,13158.720000000001,245365.35,6.0,48.12,2701.2,0.02048,4.774,2321.14,7.683999999999999,30.919999999999998,0.02817403708987154,0.32490808823529416,-0.2727272727272727,-0.17340891522803414
2023-08-01,P004,SKI_SKU_04,Skincare,4449,4370,4044,192376.34,9412.94,164620.48,5.25,42.445,3655.5,0.0183,3.9250000000000003,1537.27,6.37,22.95,-0.29864724245577523,-0.3398628795298727,-0.125,-0.11793433083956772
2023-09-01,P004,SKI_SKU_04,Skincare,4919,4830,4838,219536.71000000002,10379.91,189037.15,6.0,51.6,3264.25,0.0174,6.13,2135.35,7.1475,34.0,0.1963402571711177,0.0658735404274069,0.1428571428571428,0.2156908940982447
2023-10-01,P004,SKI_SKU_04,Skincare,6184,6043,5531,274912.36,13492.4,237974.81,6.0,53.056000000000004,3267.6,0.022699999999999998,6.7700000000000005,1978.61,6.598000000000001,36.239999999999995,0.1432410086812732,-0.10342032744366991,0.0,0.02821705426356602
2023-11-01,P004,SKI_SKU_04,Skincare,5995,5834,5346,258729.99,12878.04,219204.84,8.0,63.71,3658.75,0.026525,6.1875,2089.18,7.2075,26.75,-0.033447839450370664,0.06218954897675344,0.33333333333333326,0.2008066948130276
2023-12-01,P004,SKI_SKU_04,Skincare,6821,6664,6494,317443.69999999995,14436.35,266808.52,5.0,66.6475,3288.0,0.022600000000000002,4.512499999999999,2399.56,7.2125,30.975,0.2147399925177702,0.11888352860096485,-0.375,0.046107361481714015
2024-01-01,P004,SKI_SKU_04,Skincare,5838,5740,5961,286906.06,12148.0,249205.94,4.0,46.802,3784.0,0.0187,5.038,1917.04,7.3,25.0,-0.08207576224206958,-0.039787371134020644,-0.19999999999999996,-0.2977681083311452
2024-02-01,P004,SKI_SKU_04,Skincare,5564,5407,5495,232158.07,12458.66,197904.33,5.25,61.620000000000005,3071.25,0.028325,7.67,1907.87,6.815,25.65,-0.07817480288542189,0.3247348119575699,0.3125,0.31661040126490336
2024-03-01,P004,SKI_SKU_04,Skincare,5156,5074,5136,236136.7,11188.66,202424.29,5.0,57.895,3153.25,0.014875,6.492500000000001,1588.71,6.7225,22.275000000000002,-0.0653321201091902,0.12385120350109413,-0.04761904761904767,-0.060451152223304105
2024-04-01,P004,SKI_SKU_04,Skincare,6807,6619,6124,280677.32,14526.8,241194.56,5.8,55.553999999999995,3284.4,0.026600000000000002,5.55,2583.17,6.587999999999999,28.880000000000003,0.19236760124610597,0.36361612113115127,0.15999999999999992,-0.040435270748769514
2024-05-01,P004,SKI_SKU_04,Skincare,4606,4573,4188,200895.58,10068.060000000001,165317.78,3.25,44.167500000000004,3259.75,0.00745,4.145,2065.9,6.225,33.65,-0.31613324624428474,-0.30696673837497934,-0.43965517241379304,-0.2049627389566906
2024-06-01,P004,SKI_SKU_04,Skincare,5350,5222,4688,221116.63,11572.84,184709.48,7.5,52.6575,3229.0,0.02315,4.7925,1843.9,6.875,26.525,0.11938872970391601,-0.16405135520684733,1.3076923076923075,0.1922227882492782
2024-07-01,P004,SKI_SKU_04,Skincare,5748,5680,5519,245640.63,11886.27,205847.59,6.6,46.318,2434.8,0.0111,5.464,1862.82,7.55,31.48,0.17726109215017072,-0.042837322233784225,-0.12,-0.12039120733038977
2024-08-01,P004,SKI_SKU_04,Skincare,4897,4833,4529,202561.1,10258.11,165663.32,6.25,52.685,3258.0,0.013375000000000001,6.9775,1972.06,6.970000000000001,26.375,-0.17938032252219605,0.11993076162215632,-0.05303030303030298,0.13746275745930325
2024-09-01,P004,SKI_SKU_04,Skincare,5410,5284,5587,251398.0,11441.42,210653.71,5.8,46.82,3636.6,0.02312,6.766,2223.15,6.736,42.8,0.23360565246191212,0.1548160396858207,-0.07200000000000006,-0.11132200816171589
2024-10-01,P004,SKI_SKU_04,Skincare,5319,5217,5120,253896.50999999998,11120.19,216213.1,6.25,55.805,3265.25,0.018775,6.355,2048.46,6.0975,32.225,-0.08358689815643461,-0.07430844331947206,0.07758620689655182,0.19190516873131136
2024-11-01,P004,SKI_SKU_04,Skincare,5948,5739,5479,247750.19,12479.59,205995.66999999998,8.0,62.95,3296.75,0.0327,6.1025,2773.3900000000003,7.9175,30.5,0.07011718749999996,0.0248784137673026,0.28,0.1280351223008691
2024-12-01,P004,SKI_SKU_04,Skincare,7650,7532,7842,339290.43,16217.859999999999,284827.82,5.2,71.90599999999999,2653.6,0.0153,8.946,2476.7799999999997,6.996,25.779999999999994,0.43128308085417055,0.2075762242069603,-0.35,0.14227164416203308
2022-01-01,P005,MAK_SKU_05,Makeup,4818,4713,4435,248440.06,66613.83,156224.44,7.0,41.196000000000005,2934.6,0.021060000000000002,6.676,1381.71,6.781999999999999,29.2,,,,
2022-02-01,P005,MAK_SKU_05,Makeup,4604,4521,4528,255845.06,63085.63,171105.47999999998,7.75,44.16,3090.5,0.01755,4.0175,1379.23,7.335,27.25,0.020969560315670766,,0.1071428571428572,0.0719487328866879
2022-03-01,P005,MAK_SKU_05,Makeup,3718,3647,3843,205616.90000000002,50314.350000000006,132569.6,6.0,39.5725,2833.75,0.018025,6.4825,1020.05,7.3175,27.3,-0.15128091872791516,,-0.22580645161290325,-0.10388360507246375
2022-04-01,P005,MAK_SKU_05,Makeup,4711,4613,4688,244379.27,65296.270000000004,156726.28,6.5,48.19,4316.25,0.019674999999999998,5.7075,1469.07,7.1575,22.1,0.21988030184751506,,0.08333333333333326,0.21776486196222122
2022-05-01,P005,MAK_SKU_05,Makeup,5789,5665,5486,303549.68,77154.14,195748.84,3.4,48.22,2817.4,0.0216,5.862,1719.74,6.843999999999999,30.1,0.17022184300341303,,-0.4769230769230769,0.0006225357958082878
2022-06-01,P005,MAK_SKU_05,Makeup,3904,3821,3948,203170.91999999998,52005.27,133012.21,5.25,42.355,2907.0,0.019424999999999998,7.1725,1450.5900000000001,8.5275,30.75,-0.2803499817717827,,0.5441176470588236,-0.1216300290335961
2022-07-01,P005,MAK_SKU_05,Makeup,3925,3853,3313,180156.29,51659.35,105240.04999999999,7.25,41.3925,3316.75,0.0174,6.3325,1327.73,6.8925,31.5,-0.1608409321175278,,0.38095238095238093,-0.02272458977688585
2022-08-01,P005,MAK_SKU_05,Makeup,5341,5229,4795,268332.18,72462.44,167810.78999999998,7.4,41.858000000000004,3219.4,0.019459999999999998,4.380000000000001,2007.35,7.376,19.119999999999997,0.4473287051011168,,0.020689655172413834,0.011245998671256974
2022-09-01,P005,MAK_SKU_05,Makeup,3943,3907,3949,218496.12,53790.61,141215.27,6.25,43.8275,3049.25,0.00885,7.73,1258.68,7.14,21.924999999999997,-0.1764337851929093,,-0.15540540540540548,0.04705193750298631
2022-10-01,P005,MAK_SKU_05,Makeup,5013,4937,5199,272816.26,64731.6,178777.94,7.6,40.736000000000004,3264.8,0.0152,5.536,1410.85,6.784000000000001,18.520000000000003,0.3165358318561662,,0.21599999999999997,-0.07053790428383999
2022-11-01,P005,MAK_SKU_05,Makeup,5395,5205,5386,305930.36,70128.18000000001,205852.7,5.75,52.4375,2071.5,0.0349,4.4925,1741.9,7.4925,30.375,0.03596845547220617,,-0.24342105263157887,0.28725206205813025
2022-12-01,P005,MAK_SKU_05,Makeup,4969,4838,5095,265400.9,67573.61,173186.93,4.25,52.9625,3079.25,0.025325,6.6225,1269.69,7.2725,19.95,-0.05402896398069068,,-0.26086956521739135,0.010011918951132293
2023-01-01,P005,MAK_SKU_05,Makeup,5621,5507,5674,286094.3,76813.57,183343.27000000002,5.0,46.094,2462.2,0.01782,5.8839999999999995,1565.71,7.236,26.32,0.11364082433758593,0.2793686583990982,0.17647058823529416,-0.12968609865470848
2023-02-01,P005,MAK_SKU_05,Makeup,4635,4548,4190,236179.64,62812.25,150035.22,5.0,47.06,2314.5,0.018625000000000003,5.085,1160.8200000000002,7.22,45.775,-0.2615438843849136,-0.07464664310954061,0.0,0.020957174469562245
2023-03-01,P005,MAK_SKU_05,Makeup,4539,4420,4395,243861.97,61897.08,161663.05,8.0,48.5875,2753.25,0.02695,6.505,1691.6000000000001,7.79,27.175,0.04892601431980914,0.14363778298204521,0.6000000000000001,0.03245856353591159
2023-04-01,P005,MAK_SKU_05,Makeup,4951,4776,5221,260643.67,66014.62,173971.91999999998,4.5,52.2825,2313.25,0.035425,6.285,1686.05,6.7425,28.025,0.18794084186575644,0.11369453924914685,-0.4375,0.07604836634936962
2023-05-01,P005,MAK_SKU_05,Makeup,6012,5894,5368,299895.26,79346.44,190395.03,6.6,51.962,3296.6,0.0177,6.75,1816.43,7.236,20.66,0.028155525761348388,-0.021509296390813004,0.46666666666666656,-0.006130158274757269
2023-06-01,P005,MAK_SKU_05,Makeup,4509,4384,4222,219364.05000000002,60478.88,138062.77000000002,9.0,46.730000000000004,3317.25,0.027725,6.08,1505.58,6.2299999999999995,24.7,-0.21348733233979134,0.06940222897669712,0.36363636363636376,-0.10068896501289404
2023-07-01,P005,MAK_SKU_05,Makeup,5259,5141,5026,277129.66,68344.81,180741.02000000002,8.0,41.662,2866.8,0.022240000000000003,4.7,1394.26,6.9879999999999995,31.24,0.19043107531975356,0.5170540295804407,-0.11111111111111116,-0.10845281403809126
2023-08-01,P005,MAK_SKU_05,Makeup,4068,3942,3909,215514.94,54424.409999999996,134741.02000000002,5.5,42.0225,2919.75,0.0304,5.965,1229.11,6.7475,30.325000000000003,-0.22224432948666928,-0.18477580813347239,-0.3125,0.008652969132542987
2023-09-01,P005,MAK_SKU_05,Makeup,4345,4268,3940,214906.84,55525.799999999996,140992.75,5.75,46.7875,3310.0,0.0174,6.7625,1553.08,6.4675,34.875,0.00793041698644159,-0.0022790579893643415,0.045454545454545414,0.11339163543339881
2023-10-01,P005,MAK_SKU_05,Makeup,5873,5758,5955,295800.2,78596.59,195608.95,5.8,46.83,2699.2,0.01994,4.77,1780.33,7.164,34.1,0.5114213197969544,0.14541257934218121,0.008695652173912993,0.0009083622762489085
2023-11-01,P005,MAK_SKU_05,Makeup,4613,4494,4350,247325.74,62730.240000000005,159004.24,6.0,50.7975,2608.0,0.022725,7.4675,1428.67,6.2025,20.575000000000003,-0.2695214105793451,-0.19235053843297434,0.034482758620689724,0.08472133247918001
2023-12-01,P005,MAK_SKU_05,Makeup,4567,4480,4021,228171.52000000002,61869.86,143675.9,6.5,45.730000000000004,2756.25,0.017525,5.195,1558.29,7.335,43.575,-0.07563218390804594,-0.21079489695780174,0.08333333333333326,-0.09975884639992116
2024-01-01,P005,MAK_SKU_05,Makeup,5575,5449,5613,282540.08,76287.07,172724.21999999997,6.2,47.262,2970.0,0.02226,6.384,1822.78,7.093999999999999,41.12,0.3959214125839343,-0.010750793091293565,-0.0461538461538461,0.03350098403673729
2024-02-01,P005,MAK_SKU_05,Makeup,4939,4828,4827,269273.93,64442.48,178479.37,7.25,55.379999999999995,3641.75,0.021275000000000002,7.1325,1247.28,6.6925,22.25,-0.14003206841261362,0.1520286396181385,0.1693548387096775,0.17176590072362563
2024-03-01,P005,MAK_SKU_05,Makeup,4527,4439,4446,241711.8,59990.56,161113.76,6.0,46.0225,3048.5,0.019575,5.6425,1058.33,7.8275,33.8,-0.07893101305158479,0.011604095563140016,-0.1724137931034483,-0.16896894185626576
2024-04-01,P005,MAK_SKU_05,Makeup,5936,5840,5691,285898.01,77664.93,177233.12,5.4,48.098,3126.4,0.01574,5.404000000000001,2013.73,6.698,19.139999999999997,0.2800269905533064,0.09002106876077387,-0.09999999999999998,0.04509750665435375
2024-05-01,P005,MAK_SKU_05,Makeup,4727,4661,4135,224093.40000000002,63767.659999999996,140313.15,4.5,48.765,3370.5,0.014325,5.805,1386.56,6.845,25.549999999999997,-0.27341416271305574,-0.22969448584202679,-0.16666666666666674,0.013867520479021955
2024-06-01,P005,MAK_SKU_05,Makeup,4832,4688,5137,264755.65,65788.3,173438.03,5.0,49.620000000000005,2540.75,0.02975,5.862500000000001,1757.8400000000001,7.8925,39.425,0.24232164449818616,0.21672193273330165,0.11111111111111116,0.017533066748692816
2024-07-01,P005,MAK_SKU_05,Makeup,6482,6326,6000,336003.72,87673.1,213993.66,7.4,51.162,2603.2,0.02386,4.764,1851.49,6.866,29.7,0.16799688534163915,0.193792280143255,0.48,0.031076178960096623
2024-08-01,P005,MAK_SKU_05,Makeup,4697,4621,4932,236616.9,64470.53,143937.73,6.0,50.645,1897.0,0.015125000000000001,6.785,1388.69,7.4799999999999995,23.95,-0.17800000000000005,0.26170376055257094,-0.18918918918918926,-0.010105156170595264
2024-09-01,P005,MAK_SKU_05,Makeup,5455,5293,4974,266740.12,71829.91,174315.97,5.2,40.85,2830.0,0.02848,3.532,1421.65,6.744,33.9,0.008515815085158085,0.26243654822335016,-0.1333333333333333,-0.193405074538454
2024-10-01,P005,MAK_SKU_05,Makeup,4294,4185,4075,233536.81,56850.51,153960.6,4.25,44.375,3280.75,0.025,5.735,1286.19,6.86,36.575,-0.18073984720546843,-0.31570109151973136,-0.1826923076923077,0.08629130966952259
2024-11-01,P005,MAK_SKU_05,Makeup,5273,5183,4695,261072.01,66550.61,169867.75,6.5,58.675,2371.75,0.016649999999999998,7.0125,2240.14,6.6775,26.375,0.1521472392638037,0.07931034482758625,0.5294117647058822,0.32225352112676053
2024-12-01,P005,MAK_SKU_05,Makeup,5587,5517,4921,267474.77999999997,72732.83,164965.36,6.4,48.846000000000004,3084.2,0.012639999999999998,7.345999999999999,1352.4299999999998,7.159999999999999,25.54,0.048136315228966886,0.22382491917433467,-0.01538461538461533,-0.16751597784405614
2022-01-01,P006,MAK_SKU_06,Makeup,9510,9423,9149,563392.91,189899.9,325859.53,7.2,77.578,3089.8,0.008159999999999999,5.434,1431.03,7.3,29.74,,,,
2022-02-01,P006,MAK_SKU_06,Makeup,7240,7063,6804,400761.42,141477.11,230215.21,6.25,75.9,3275.25,0.025349999999999998,6.175,1215.65,7.1899999999999995,32.25,-0.2563121652639633,,-0.13194444444444442,-0.02162984351233599
2022-03-01,P006,MAK_SKU_06,Makeup,7780,7603,6809,397518.0,148374.6,216202.43,7.0,87.11,2624.75,0.021574999999999997,7.875,1193.93,6.8425,28.1,0.0007348618459730449,,0.1200000000000001,0.14769433465085635
2022-04-01,P006,MAK_SKU_06,Makeup,7900,7784,7243,432013.88,160129.89,239078.82,5.25,88.42750000000001,2812.0,0.0141,7.5975,1775.1799999999998,7.105,24.825,0.06373916874724639,,-0.25,0.015124555160142439
2022-05-01,P006,MAK_SKU_06,Makeup,10498,10172,9993,559174.99,208485.39,303267.53,4.8,86.77799999999999,2974.2,0.03124,5.766,1912.15,6.258,22.72,0.37967692944912335,,-0.08571428571428574,-0.018653699358231468
2022-06-01,P006,MAK_SKU_06,Makeup,7370,7260,6992,414174.35,139995.15,241294.36,4.0,69.255,2639.0,0.014450000000000001,3.5475000000000003,1421.59,6.465,28.475,-0.30031021715200645,,-0.16666666666666663,-0.20192906036092095
2022-07-01,P006,MAK_SKU_06,Makeup,7326,7191,6745,384210.26,141757.44,205927.90000000002,4.75,83.685,4055.25,0.0183,7.4425,1641.73,6.3,19.225,-0.03532608695652173,,0.1875,0.20836040719081672
2022-08-01,P006,MAK_SKU_06,Makeup,9679,9402,10465,576505.68,192134.48,344293.31,5.4,85.54400000000001,3639.0,0.028300000000000002,7.294,1489.99,7.608,24.54,0.5515196441808747,,0.13684210526315788,0.022214255840353747
2022-09-01,P006,MAK_SKU_06,Makeup,7959,7763,6716,406193.26,154083.08,214920.58000000002,6.0,81.595,3289.75,0.02405,5.66,1627.51,7.109999999999999,29.325000000000003,-0.3582417582417582,,0.11111111111111094,-0.046163377910782843
2022-10-01,P006,MAK_SKU_06,Makeup,9215,9013,9083,529664.12,176551.57,313310.31,6.8,82.21600000000001,2567.2,0.02138,7.475999999999999,1291.71,6.94,35.519999999999996,0.3524419297200714,,0.1333333333333333,0.00761076046326381
2022-11-01,P006,MAK_SKU_06,Makeup,7779,7664,7654,461658.30000000005,153371.82,267091.24,5.5,89.0625,2594.0,0.01485,8.3625,1331.9299999999998,7.8375,21.25,-0.15732687438071125,,-0.19117647058823528,0.0832745451007102
2022-12-01,P006,MAK_SKU_06,Makeup,8642,8519,8105,479568.39,167511.63,279317.67,7.25,85.9975,2736.75,0.015575,4.95,1722.04,6.717499999999999,19.099999999999998,0.05892343872484984,,0.3181818181818181,-0.03441403508771923
2023-01-01,P006,MAK_SKU_06,Makeup,8888,8784,8968,484855.3,169089.31,278855.39,6.2,82.19800000000001,2701.0,0.012280000000000001,8.440000000000001,1469.9099999999999,7.496,37.5,0.10647748303516358,-0.01978358290523552,-0.1448275862068965,-0.04418151690456107
2023-02-01,P006,MAK_SKU_06,Makeup,7126,6894,6177,361149.77,133806.54,195512.15,4.5,76.57,3339.0,0.032325,6.85,1424.93,7.2425,33.35,-0.31121766280107044,-0.0921516754850088,-0.27419354838709675,-0.06846881919268122
2023-03-01,P006,MAK_SKU_06,Makeup,8406,8313,7287,435056.13,165146.28,239823.66,6.0,88.56,2905.75,0.0117,6.5825,1646.25,7.7225,28.775,0.17969888295288983,0.07020120428844168,0.33333333333333326,0.15658874232728226
2023-04-01,P006,MAK_SKU_06,Makeup,8047,7896,8587,489349.42000000004,154917.52000000002,296751.29,8.25,84.83,2982.25,0.01955,6.2575,1642.42,7.762499999999999,37.125,0.17839989021545222,0.18555847024713512,0.375,-0.04211833785004526
2023-05-01,P006,MAK_SKU_06,Makeup,11118,11000,10334,616338.61,217723.04,355188.43,5.8,90.502,2514.2,0.01058,5.538,2265.63,6.632,37.22,0.20344707115407012,0.034123886720704544,-0.296969696969697,0.06686313804078736
2023-06-01,P006,MAK_SKU_06,Makeup,8278,8140,7325,452314.98,159938.53,259126.7,8.25,90.96000000000001,2577.5,0.0162,7.145,1885.31,7.2825,34.775,-0.2911747629185214,0.047625858123569786,0.4224137931034484,0.005060661642836806
2023-07-01,P006,MAK_SKU_06,Makeup,9654,9480,9374,574650.57,193626.38,335603.34,5.4,80.102,2919.6,0.01862,6.218,1624.4,7.404000000000001,22.639999999999997,0.27972696245733797,0.3897702001482579,-0.34545454545454546,-0.11937115215479333
2023-08-01,P006,MAK_SKU_06,Makeup,7475,7317,7252,395206.27,145662.99,222491.36000000002,7.5,78.8475,3210.25,0.020874999999999998,6.4325,1074.1,6.9375,23.1,-0.2263708128867079,-0.30702341137123745,0.38888888888888884,-0.015661281865621435
2023-09-01,P006,MAK_SKU_06,Makeup,7464,7329,6568,394357.25,144588.38,221757.0,3.75,77.735,3744.5,0.017349999999999997,5.8549999999999995,1577.77,7.4425,36.25,-0.09431880860452291,-0.022036926742108442,-0.5,-0.014109515203398981
2023-10-01,P006,MAK_SKU_06,Makeup,8104,7903,9201,485005.56,157757.1,280483.22000000003,6.2,62.903999999999996,2423.4,0.023399999999999997,4.48,1625.98,7.436,27.54,0.4008830694275274,0.012991302433116747,0.6533333333333333,-0.1907892197851676
2023-11-01,P006,MAK_SKU_06,Makeup,8811,8510,9226,473398.72,178243.11,248485.88999999998,6.75,93.6825,3316.25,0.033174999999999996,6.1450000000000005,1862.58,7.9125,18.3,0.0027170959678295414,0.20538280637575124,0.08870967741935476,0.4892932086989701
2023-12-01,P006,MAK_SKU_06,Makeup,9073,8926,8700,514257.7,185509.83,294386.97,4.5,93.5775,3031.25,0.014925,5.8025,1778.55,7.055,30.925,-0.057012789941469744,0.07341147439851947,-0.33333333333333337,-0.0011208069810263455
2024-01-01,P006,MAK_SKU_06,Makeup,10337,10094,9849,589452.87,203028.31,349160.98,6.6,91.328,3149.4,0.02422,7.354000000000001,1750.5,6.9239999999999995,31.5,0.13206896551724134,0.0982381801962533,0.46666666666666656,-0.024038898239427176
2024-02-01,P006,MAK_SKU_06,Makeup,6749,6610,6263,376591.66,136452.83,204293.64,7.5,67.155,2587.75,0.020025,5.0675,1063.01,6.98,42.6,-0.364097877957153,0.01392261615671031,0.13636363636363646,-0.2646833391730904
2024-03-01,P006,MAK_SKU_06,Makeup,7572,7476,8807,460497.72,150483.83,273154.45,4.5,80.7875,2855.0,0.0132,6.62,1237.93,7.0275,27.800000000000004,0.40619511416254195,0.20859064086729795,-0.4,0.20300052118233936
2024-04-01,P006,MAK_SKU_06,Makeup,10217,9989,9375,575509.46,198608.63,333706.63,6.2,80.03999999999999,2876.6,0.022420000000000002,4.696,2328.79,6.7780000000000005,30.24,0.06449415237878964,0.09176662396646096,0.37777777777777777,-0.0092526690391459
2024-05-01,P006,MAK_SKU_06,Makeup,7673,7559,7795,437381.22000000003,145445.53999999998,257310.21000000002,5.25,77.3125,2935.5,0.014450000000000001,5.3950000000000005,1716.19,7.5625,16.875,-0.1685333333333333,-0.245693826204761,-0.15322580645161288,-0.034076711644177804
2024-06-01,P006,MAK_SKU_06,Makeup,8209,8091,7645,461047.62,160389.92,259110.83000000002,4.75,88.42,2433.5,0.0144,6.9425,1491.2,7.1,27.1,-0.019243104554201418,0.043686006825938595,-0.09523809523809523,0.1436701697655618
2024-07-01,P006,MAK_SKU_06,Makeup,10164,10032,9180,533876.99,193580.03,301048.81,7.2,83.396,2554.8,0.0127,6.1,2221.0299999999997,6.392,27.74,0.20078482668410724,-0.02069554085769154,0.5157894736842106,-0.056819724044333886
2024-08-01,P006,MAK_SKU_06,Makeup,7672,7509,7180,411667.46,147203.09,230287.24,7.5,83.17,2574.5,0.020725,7.1525,1280.25,6.85,39.75,-0.21786492374727673,-0.009928295642581353,0.04166666666666674,-0.0027099621084943903
2024-09-01,P006,MAK_SKU_06,Makeup,9176,8952,8846,531249.95,180257.77000000002,314169.21,7.2,76.026,2857.0,0.02326,5.9799999999999995,1794.94,6.8260000000000005,28.660000000000004,0.23203342618384393,0.3468331303288672,-0.039999999999999925,-0.08589635685944452
2024-10-01,P006,MAK_SKU_06,Makeup,9483,9229,8797,509188.25,183283.85,287955.6,9.5,102.66,2855.75,0.02615,6.9975,1763.2,7.1125,14.65,-0.005539226769161187,-0.04390827084012605,0.3194444444444444,0.3503275195327915
2024-11-01,P006,MAK_SKU_06,Makeup,8301,8025,7326,440762.99,164700.43,241434.81999999998,5.0,84.1575,3514.75,0.032850000000000004,5.302499999999999,2116.1000000000004,6.4175,42.15,-0.16721609639649881,-0.20593973553002387,-0.4736842105263158,-0.18023085914669779
2024-12-01,P006,MAK_SKU_06,Makeup,9544,9415,10435,540498.37,187360.05,302919.78,4.4,80.41,3314.6,0.013420000000000001,6.174,1601.22,7.386,31.139999999999997,0.42437892437892444,0.1994252873563218,-0.11999999999999988,-0.04452960223390667
2022-01-01,P007,FRA_SKU_07,Fragrance,11987,11640,11655,608791.1599999999,147270.85,396060.09,7.2,101.186,3737.2,0.029699999999999997,6.042,5926.9,7.122,23.7,,,,
2022-02-01,P007,FRA_SKU_07,Fragrance,8351,8164,8225,469297.62,105099.46,323468.09,5.75,83.075,3381.75,0.0207,4.895,4314.06,6.835,36.95,-0.2942942942942943,,-0.20138888888888895,-0.17898721166959863
2022-03-01,P007,FRA_SKU_07,Fragrance,9241,9071,8462,499541.27,115263.07999999999,344305.7,7.75,90.5775,2992.5,0.017425,4.445,4660.62,7.029999999999999,26.55,0.028814589665653534,,0.34782608695652173,0.09030996087872412
2022-04-01,P007,FRA_SKU_07,Fragrance,8221,8026,8133,436911.98,101576.69,304923.92,5.75,84.2825,3109.5,0.023525,5.8125,5420.81,7.7475,27.55,-0.038879697471047026,,-0.25806451612903225,-0.0694984957632967
2022-05-01,P007,FRA_SKU_07,Fragrance,11705,11500,11477,579264.17,144258.28,388220.16000000003,7.2,98.374,3725.4,0.02054,6.343999999999999,8361.36,6.4879999999999995,32.4,0.4111643919832779,,0.25217391304347836,0.1671936641651588
2022-06-01,P007,FRA_SKU_07,Fragrance,10761,10632,9887,570393.19,132328.87,391605.8,3.5,107.3675,3246.75,0.012075,5.145,5147.65,6.35,16.1,-0.13853794545612963,,-0.5138888888888888,0.09142151381462593
2022-07-01,P007,FRA_SKU_07,Fragrance,8999,8845,8073,467468.96,114785.3,315902.08,7.25,91.665,3076.0,0.0167,5.5,5320.53,6.63,27.4,-0.18347324769899864,,1.0714285714285716,-0.1462500291056419
2022-08-01,P007,FRA_SKU_07,Fragrance,12259,12042,12404,691486.99,152912.45,486480.95,5.8,98.85999999999999,3151.2,0.016900000000000002,5.192,6762.12,7.0760000000000005,21.619999999999997,0.5364796234361451,,-0.20000000000000007,0.07849233622429486
2022-09-01,P007,FRA_SKU_07,Fragrance,8220,8078,7553,432611.32,98157.73999999999,303962.24,7.75,88.1075,3088.0,0.0167,6.8125,5166.86,7.5424999999999995,36.25,-0.39108352144469527,,0.3362068965517242,-0.10876492008901462
2022-10-01,P007,FRA_SKU_07,Fragrance,12061,11772,11124,643043.22,153173.59,444429.76,7.0,99.05,2885.6,0.024820000000000002,5.854,7876.45,6.34,19.919999999999998,0.4727922679729908,,-0.09677419354838712,0.12419487557812903
2022-11-01,P007,FRA_SKU_07,Fragrance,10062,9900,8844,497242.14,123898.6,343247.28,6.25,102.9925,3595.5,0.017425,5.5975,6419.67,7.114999999999999,19.575,-0.2049622437971953,,-0.1071428571428571,0.039803129732458364
2022-12-01,P007,FRA_SKU_07,Fragrance,9638,9349,8717,497267.52,121170.68,336194.29,8.25,97.595,3391.25,0.028525000000000002,5.112500000000001,6045.36,7.2700000000000005,40.15,-0.014360018091361337,,0.32000000000000006,-0.052406728645289724
2023-01-01,P007,FRA_SKU_07,Fragrance,13593,13288,13991,739214.5700000001,170228.68,511563.02,6.8,114.76400000000001,2947.8,0.02112,6.186,7938.150000000001,6.638,20.9,0.6050246644487782,0.20042900042900036,-0.17575757575757578,0.1759208975869666
2023-02-01,P007,FRA_SKU_07,Fragrance,9990,9815,9069,499890.11,123367.76000000001,344463.39,4.25,103.295,3172.0,0.017175,5.9275,5392.82,7.06,16.75,-0.3517975841612465,0.10261398176291792,-0.375,-0.09993551984943017
2023-03-01,P007,FRA_SKU_07,Fragrance,8068,7860,7956,418655.64,99381.31,284382.99,3.75,82.495,3237.5,0.02555,5.5525,4274.16,7.035,33.425,-0.1227257691035395,-0.059796738359725876,-0.11764705882352944,-0.20136502250834987
2023-04-01,P007,FRA_SKU_07,Fragrance,9799,9518,9403,469788.16000000003,119739.06,309940.18,6.5,114.695,3237.0,0.027275,8.6125,5892.28,6.7175,40.225,0.18187531422825542,0.1561539407352761,0.7333333333333334,0.39032668646584634
2023-05-01,P007,FRA_SKU_07,Fragrance,12347,11943,11339,653968.52,153788.56,453370.23,7.0,105.19200000000001,2995.6,0.03214,6.246,8308.32,7.95,35.839999999999996,0.205891736679783,-0.012024048096192397,0.07692307692307687,-0.08285452722437758
2023-06-01,P007,FRA_SKU_07,Fragrance,9933,9715,9896,566260.92,125219.28,401395.11,6.75,101.6175,3344.25,0.02305,5.6975,6105.93,6.6425,29.174999999999997,-0.12725989946203364,0.0009102862344492202,-0.0357142857142857,-0.03398072096737392
2023-07-01,P007,FRA_SKU_07,Fragrance,11453,11371,11399,616980.37,140558.32,435926.61,8.0,93.51400000000001,2350.6,0.006619999999999999,5.572,7208.9400000000005,7.090000000000001,15.819999999999999,0.15187954729183506,0.41199058590362947,0.18518518518518512,-0.07974512264127731
2023-08-01,P007,FRA_SKU_07,Fragrance,7963,7830,7191,392862.24,99050.34,259533.8,7.5,87.94749999999999,3437.0,0.016649999999999998,6.8500000000000005,4403.91,6.745,32.025,-0.3691551890516712,-0.42026765559496937,-0.0625,-0.05952584639733105
2023-09-01,P007,FRA_SKU_07,Fragrance,10977,10829,12399,604436.6599999999,140547.58,411075.97,7.25,113.535,2499.0,0.013225,5.9475,6994.610000000001,7.305,-0.9749999999999999,0.724238631622862,0.6415993644909308,-0.033333333333333326,0.29094061798231907
2023-10-01,P007,FRA_SKU_07,Fragrance,11643,11462,11319,661573.46,150982.43,468154.0,6.2,95.88,3335.0,0.0153,5.922,6612.47,6.896000000000001,25.82,-0.08710379869344298,0.01752966558791802,-0.1448275862068965,-0.15550270841590697
2023-11-01,P007,FRA_SKU_07,Fragrance,10519,10148,10541,599104.62,132484.57,416943.17,3.75,110.735,3622.5,0.035075,6.255,6358.48,7.0125,31.674999999999997,-0.06873398710133405,0.19188150158299422,-0.3951612903225806,0.154933249895703
2023-12-01,P007,FRA_SKU_07,Fragrance,9902,9730,8998,515559.04000000004,122530.88,355883.9,4.5,106.795,2774.75,0.01795,6.6875,6542.389999999999,6.9525,28.5,-0.146380798785694,0.03223586096134001,0.19999999999999996,-0.03558043978868464
2024-01-01,P007,FRA_SKU_07,Fragrance,12322,12115,11252,646318.88,152612.52,441976.47,8.2,95.376,3241.6,0.01814,4.072,8345.76,7.609999999999999,28.939999999999998,0.25050011113580806,-0.1957687084554356,0.822222222222222,-0.10692448148321543
2024-02-01,P007,FRA_SKU_07,Fragrance,10160,9948,8981,481948.03,127977.55,311769.14,6.5,110.82000000000001,3673.0,0.021374999999999998,7.23,6445.83,7.1,44.725,-0.20183078563810875,-0.009703385158231326,-0.20731707317073167,0.1619275289380977
2024-03-01,P007,FRA_SKU_07,Fragrance,10396,10201,9738,570187.13,136091.74,387410.27,6.75,98.67,2768.75,0.01815,3.7975000000000003,6934.76,7.76,39.225,0.08428905467097203,0.22398190045248878,0.03846153846153855,-0.10963724959393617
2024-04-01,P007,FRA_SKU_07,Fragrance,13037,12698,11996,708971.8200000001,160765.40000000002,495480.42,3.2,106.89000000000001,2876.0,0.025580000000000002,5.9,8406.9,7.731999999999999,30.380000000000003,0.23187512836311353,0.2757630543443581,-0.5259259259259259,0.08330799635147468
2024-05-01,P007,FRA_SKU_07,Fragrance,10818,10655,10175,604454.05,136520.87,423967.03,4.5,116.18,2855.75,0.015025,6.8475,6440.85,7.54,24.25,-0.1518006002000667,-0.10265455507540344,0.40625,0.08691177846384135
2024-06-01,P007,FRA_SKU_07,Fragrance,9581,9302,8909,484634.10000000003,119310.47,330960.06,5.75,98.53,3401.25,0.0289,5.952500000000001,5343.11,7.470000000000001,28.0,-0.12442260442260444,-0.09973726758286172,0.2777777777777777,-0.15191943535892583
2024-07-01,P007,FRA_SKU_07,Fragrance,11278,11022,10604,534392.62,140599.2,348866.61,8.2,92.326,3035.0,0.02152,5.574,5323.55,7.026000000000001,33.3,0.1902570434392188,-0.06974295990876389,0.4260869565217391,-0.06296559423525838
2024-08-01,P007,FRA_SKU_07,Fragrance,8412,8198,7776,450137.41,105800.39,317441.47,6.0,80.9825,3207.75,0.0234,4.0175,5414.39,7.355,45.6,-0.2666918144096567,0.081351689612015,-0.2682926829268292,-0.12286354872950189
2024-09-01,P007,FRA_SKU_07,Fragrance,12038,11702,11148,634131.52,151772.35,437962.46,6.4,96.79400000000001,2772.4,0.028800000000000003,4.768,6511.57,6.936,28.22,0.433641975308642,-0.10089523348657148,0.06666666666666665,0.19524588645695062
2024-10-01,P007,FRA_SKU_07,Fragrance,8803,8590,8531,480225.8,107277.29000000001,340537.32,6.75,89.225,3589.5,0.02415,5.0649999999999995,6292.59,7.4025,19.3,-0.2347506279153211,-0.2463115116176341,0.0546875,-0.0781969956815507
2024-11-01,P007,FRA_SKU_07,Fragrance,9973,9677,9638,500753.82,123285.98,341889.31,5.25,103.1725,2910.25,0.029525,6.0325,5965.87,7.15,23.075,0.12976204430899063,-0.08566549663219813,-0.2222222222222222,0.15631829644158035
2024-12-01,P007,FRA_SKU_07,Fragrance,13898,13505,12713,743566.89,172884.67,519184.92000000004,7.6,114.09400000000001,3452.6,0.02852,5.558,8510.0,7.529999999999999,20.04,0.3190495953517327,0.41286952656145814,0.4476190476190476,0.10585669630957861
2022-01-01,P008,SKI_SKU_08,Skincare,7662,7498,6829,47848.09,110252.62,-75801.44,8.0,68.138,3420.0,0.0214,7.676,7741.45,7.798,27.74,,,,
2022-02-01,P008,SKI_SKU_08,Skincare,5847,5754,5144,36062.04,83557.77,-61348.69,6.25,57.47,2948.25,0.015225,4.7125,4809.28,6.6450000000000005,20.5,-0.24674183628642554,,-0.21875,-0.1565646188617219
2022-03-01,P008,SKI_SKU_08,Skincare,5420,5278,5278,33301.47,77963.01000000001,-58265.83,6.75,59.2525,3118.0,0.027549999999999998,6.737500000000001,7831.31,7.135,27.625,0.026049766718506895,,0.08000000000000007,0.03101618235601178
2022-04-01,P008,SKI_SKU_08,Skincare,6339,6148,5638,39182.09,92660.86,-66210.84999999999,7.0,68.155,2799.0,0.03055,6.68,5961.0,6.815,29.775000000000002,0.0682076544145509,,0.03703703703703698,0.15024682502847986
2022-05-01,P008,SKI_SKU_08,Skincare,7851,7676,8393,49193.18,113662.39,-85361.92,6.0,65.0,2864.6,0.02196,5.922,8504.64,6.696,36.260000000000005,0.4886484568996099,,-0.1428571428571429,-0.04629154133959357
2022-06-01,P008,SKI_SKU_08,Skincare,5720,5541,5238,34362.79,81240.67,-63237.87,5.25,55.0825,3693.75,0.030525,4.215,6376.01,6.797499999999999,20.025,-0.3759084951745503,,-0.125,-0.15257692307692305
2022-07-01,P008,SKI_SKU_08,Skincare,6595,6391,5766,39322.770000000004,94958.3,-65005.3,6.25,66.4825,3159.0,0.030575,5.345,7694.16,6.395,32.150000000000006,0.10080183276059573,,0.19047619047619047,0.2069622838469567
2022-08-01,P008,SKI_SKU_08,Skincare,6454,6309,5619,39078.05,94198.25,-67570.86,5.0,60.82000000000001,3042.0,0.02256,9.104000000000001,6638.47,7.790000000000001,22.880000000000003,-0.025494276795005155,,-0.19999999999999996,-0.08517278983191057
2022-09-01,P008,SKI_SKU_08,Skincare,6480,6304,6277,43093.29,95383.39,-68280.67,7.25,58.894999999999996,2926.5,0.025875000000000002,2.7,6706.9,7.6625,37.4,0.11710268731090934,,0.44999999999999996,-0.03165077277211459
2022-10-01,P008,SKI_SKU_08,Skincare,6706,6473,6167,44126.299999999996,97491.55,-66862.53,7.0,54.798,3018.6,0.03488,5.720000000000001,6272.89,6.362,31.560000000000002,-0.01752429504540387,,-0.03448275862068961,-0.06956447915782316
2022-11-01,P008,SKI_SKU_08,Skincare,7114,6888,6383,44266.48,97475.56,-65338.22,4.0,73.5325,3381.75,0.032025,5.887499999999999,7967.48,6.4875,25.775,0.035025133776552586,,-0.4285714285714286,0.3418829154348699
2022-12-01,P008,SKI_SKU_08,Skincare,5769,5608,5765,37924.18,78775.31,-54769.58,4.75,55.8925,3042.25,0.0282,4.1499999999999995,6125.18,6.595,30.825,-0.09681967726774243,,0.1875,-0.23989392445517288
2023-01-01,P008,SKI_SKU_08,Skincare,8001,7887,7531,49005.18,112443.25,-81734.61,6.4,69.79400000000001,2888.0,0.01444,7.322,8738.7,7.5920000000000005,25.18,0.3063313096270599,0.10279689559232685,0.34736842105263155,0.2487185221630812
2023-02-01,P008,SKI_SKU_08,Skincare,6855,6751,6608,46489.65,96863.0,-66073.6,5.5,76.42,3045.0,0.015175000000000001,7.61,6887.85,6.8950000000000005,23.125,-0.12256008498207405,0.2846034214618973,-0.140625,0.0949365274952001
2023-03-01,P008,SKI_SKU_08,Skincare,5642,5485,5365,37159.9,80185.98999999999,-54631.15,7.5,60.122499999999995,3049.0,0.027125,6.637499999999999,4946.33,6.4825,31.025,-0.18810532687651327,0.016483516483516425,0.36363636363636354,-0.21326223501701136
2023-04-01,P008,SKI_SKU_08,Skincare,6792,6690,6406,45051.46,92163.64,-61827.29,7.75,76.77,3060.75,0.015224999999999999,7.4675,6874.52,6.93,35.25,0.1940354147250698,0.1362185172046826,0.03333333333333344,0.2768930101043703
2023-05-01,P008,SKI_SKU_08,Skincare,8491,8319,8155,55239.869999999995,121226.32,-86869.66,6.0,69.306,2926.6,0.020319999999999998,5.746,9279.8,7.147999999999999,19.7,0.2730252887917577,-0.028356964136780682,-0.22580645161290325,-0.09722547870261822
2023-06-01,P008,SKI_SKU_08,Skincare,6682,6540,5757,39765.64,96449.66,-66449.78,6.25,69.755,3645.25,0.02205,6.109999999999999,7538.99,7.1975,37.0,-0.2940527283874923,0.0990836197021765,0.04166666666666674,0.006478515568637544
2023-07-01,P008,SKI_SKU_08,Skincare,7003,6849,6343,42009.03,100167.18,-75679.89,4.2,59.529999999999994,2919.2,0.0215,6.686,7646.01,7.136,28.22,0.10178912628104908,0.10006937218175516,-0.32799999999999996,-0.14658447423123788
2023-08-01,P008,SKI_SKU_08,Skincare,6450,6285,6449,39138.119999999995,90712.65,-66037.58,7.25,68.3175,3044.0,0.023825,6.547499999999999,6706.18,7.015000000000001,32.675,0.01671133533028546,0.14771311621284933,0.726190476190476,0.14761464807660007
2023-09-01,P008,SKI_SKU_08,Skincare,7060,6933,6580,45739.26,101338.09,-68537.72,8.5,68.9025,2748.75,0.018674999999999997,4.13,7118.1,6.922499999999999,20.975,0.020313226856877087,0.04827146726143061,0.17241379310344818,0.008562959710176843
2023-10-01,P008,SKI_SKU_08,Skincare,7578,7438,7368,48857.94,106986.5,-80972.36,9.4,63.952,3124.4,0.01868,6.008,7124.75,7.425999999999999,22.740000000000002,0.11975683890577504,0.1947462299335172,0.10588235294117654,-0.07184790101955674
2023-11-01,P008,SKI_SKU_08,Skincare,7157,6984,7503,45692.2,102491.19,-70925.08,7.25,73.295,2866.0,0.024499999999999997,5.83,6963.61,6.5575,27.85,0.018322475570032637,0.17546608177972733,-0.22872340425531923,0.14609394545909438
2023-12-01,P008,SKI_SKU_08,Skincare,7305,7088,6964,44533.41,102622.93,-70928.87,5.0,73.77000000000001,2512.0,0.029025000000000002,5.495,8259.39,6.7475,24.224999999999998,-0.07183793149406903,0.2079791847354726,-0.31034482758620685,0.006480660345180578
2024-01-01,P008,SKI_SKU_08,Skincare,8158,8047,7035,49420.2,115271.32,-79723.78,7.4,69.48400000000001,3778.6,0.014119999999999999,6.464,8977.28,7.209999999999999,27.0,0.010195290063182094,-0.06586110742265305,0.48,-0.05809949844110074
2024-02-01,P008,SKI_SKU_08,Skincare,6829,6621,6359,40016.17,96560.55,-67617.82,5.75,78.44,2879.25,0.02795,8.379999999999999,7622.25,7.1225,30.275,-0.09609097370291397,-0.037681598062954014,-0.22297297297297303,0.12889298255713522
2024-03-01,P008,SKI_SKU_08,Skincare,5908,5796,5162,36591.56,85091.12,-59867.39,6.25,60.385,3384.25,0.018349999999999998,5.5725,7433.07,6.65,32.825,-0.18823714420506366,-0.037837837837837784,0.08695652173913038,-0.23017593064762876
2024-04-01,P008,SKI_SKU_08,Skincare,7547,7298,6567,44647.66,105509.43,-81318.54999999999,9.4,63.903999999999996,3181.0,0.03214,6.523999999999999,8165.65,7.628,27.2,0.2721813250678031,0.025132688104901657,0.504,0.05827606193591128
2024-05-01,P008,SKI_SKU_08,Skincare,6157,5997,5935,38633.24,86356.89,-60248.5,7.25,63.355000000000004,2652.25,0.02535,5.975,7770.04,6.995,33.15,-0.09623876960560374,-0.2722256284488044,-0.22872340425531923,-0.008591011517275815
2024-06-01,P008,SKI_SKU_08,Skincare,6103,6046,5767,40235.79,84792.20999999999,-56087.9,8.5,67.02250000000001,3050.75,0.009775,7.467499999999999,6912.15,7.8375,24.75,-0.0283066554338669,0.0017370158068439334,0.17241379310344818,0.05788809091626557
2024-07-01,P008,SKI_SKU_08,Skincare,7594,7430,7246,48548.25,110508.74,-78930.82,7.2,65.982,2908.0,0.02052,6.978,6676.49,6.944,27.68,0.25645916421016124,0.14236165852120441,-0.15294117647058825,-0.015524637248685247
2024-08-01,P008,SKI_SKU_08,Skincare,6583,6380,6822,42202.79,95720.19,-73233.45999999999,7.5,77.05000000000001,2937.0,0.02985,8.325,7070.95,7.705,32.875,-0.058515042782224636,0.057838424561947654,0.04166666666666674,0.167742717710891
2024-09-01,P008,SKI_SKU_08,Skincare,10161,9943,9458,66228.73,144609.7,-90519.55,4.8,87.22999999999999,3513.0,0.0206,6.874,13955.24,6.946000000000001,28.0,0.38639695104075056,0.4373860182370821,-0.36,0.13212199870214114
2024-10-01,P008,SKI_SKU_08,Skincare,7632,7498,6784,47634.15,109642.78,-72685.94,4.5,79.2,3190.5,0.018099999999999998,6.1000000000000005,8130.82,7.3149999999999995,23.45,-0.2827236202156904,-0.07926167209554835,-0.0625,-0.09205548549810827
2024-11-01,P008,SKI_SKU_08,Skincare,6670,6498,6094,41678.86,93367.88,-64930.130000000005,7.0,69.1425,2919.25,0.0236,5.44,6849.61,6.97,21.275,-0.10170990566037741,-0.18779155004664805,0.5555555555555556,-0.12698863636363644
2024-12-01,P008,SKI_SKU_08,Skincare,8383,8101,7649,52658.32,117659.88,-83463.36,6.0,72.096,3765.4,0.03302,6.968000000000001,10472.65,6.204,35.54,0.2551690187069249,0.09836300976450318,-0.1428571428571429,0.04271612973207506
2022-01-01,P009,MAK_SKU_09,Makeup,1770,1722,1604,85552.20999999999,8152.33,59777.69,7.0,13.468,3044.0,0.024839999999999997,3.846,622.9300000000001,6.831999999999999,24.1,,,,
2022-02-01,P009,MAK_SKU_09,Makeup,1474,1439,1323,68910.54000000001,6834.6900000000005,46056.93,5.75,14.285,2784.0,0.020975,4.415,425.99,8.0875,26.025,-0.17518703241895262,,-0.1785714285714286,0.06066231066231076
2022-03-01,P009,MAK_SKU_09,Makeup,1400,1374,1363,74318.55,6090.0,52125.61,3.5,15.075000000000001,3307.5,0.01765,6.815,505.01,6.955,36.25,0.030234315948601598,,-0.3913043478260869,0.05530276513825694
2022-04-01,P009,MAK_SKU_09,Makeup,1396,1378,1234,68311.45,6534.08,41249.19,3.75,15.2125,3324.25,0.010775,7.2225,543.03,7.0275,24.075,-0.09464416727806313,,0.0714285714285714,0.009121061359867344
2022-05-01,P009,MAK_SKU_09,Makeup,1798,1760,1841,93869.14,7806.36,67454.67,6.8,14.714000000000002,2733.4,0.02046,5.62,581.29,6.651999999999999,39.04,0.4918962722852511,,0.8133333333333332,-0.03276910435497116
2022-06-01,P009,MAK_SKU_09,Makeup,1391,1362,1422,73876.92000000001,6543.46,49082.76,6.25,14.265,3124.25,0.018075,5.8375,442.43,7.6325,31.700000000000003,-0.22759369907658877,,-0.0808823529411764,-0.03051515563409013
2022-07-01,P009,MAK_SKU_09,Makeup,1369,1352,1359,73299.84,6356.57,51311.68,7.75,14.5425,3136.25,0.011275,6.73,559.98,7.055,29.05,-0.044303797468354444,,0.24,0.019453207150367913
2022-08-01,P009,MAK_SKU_09,Makeup,1664,1627,1513,83510.75,7588.37,57315.7,5.6,13.856,3839.6,0.02074,5.688,642.89,6.9239999999999995,29.659999999999997,0.11331861662987497,,-0.2774193548387097,-0.04720646381296201
2022-09-01,P009,MAK_SKU_09,Makeup,1342,1296,1222,65431.53,6084.0599999999995,45078.53,6.5,12.75,3230.75,0.031775,3.7925,426.04,7.2425,21.35,-0.19233311302048905,,0.1607142857142858,-0.07982101616628179
2022-10-01,P009,MAK_SKU_09,Makeup,1835,1799,1601,86132.69,8359.59,62056.520000000004,5.2,15.791999999999998,2879.4,0.01822,6.744,701.96,7.109999999999999,22.4,0.31014729950900155,,-0.19999999999999996,0.23858823529411755
2022-11-01,P009,MAK_SKU_09,Makeup,1588,1569,1457,71240.3,7339.9,44909.58,5.75,16.23,3821.5,0.01385,5.5600000000000005,519.62,6.970000000000001,26.724999999999998,-0.08994378513429102,,0.10576923076923084,0.027735562310030604
2022-12-01,P009,MAK_SKU_09,Makeup,1630,1588,1543,79927.77,7458.3099999999995,58257.259999999995,7.5,17.61,2512.0,0.024225,7.1025,624.75,6.955,20.5,0.059025394646534,,0.30434782608695654,0.08502772643253231
2023-01-01,P009,MAK_SKU_09,Makeup,1821,1768,1858,93081.91,8221.42,59059.94,5.2,14.884,3476.8,0.027739999999999997,5.41,575.62,6.7700000000000005,37.46,0.20414776409591706,0.15835411471321703,-0.30666666666666664,-0.15479840999432137
2023-02-01,P009,MAK_SKU_09,Makeup,1490,1445,1388,73257.54000000001,6597.1,49359.22,7.5,14.7825,2530.0,0.028825,5.0024999999999995,570.39,7.2275,34.075,-0.25296017222820233,0.04913076341647771,0.4423076923076923,-0.006819403386186473
2023-03-01,P009,MAK_SKU_09,Makeup,1396,1356,1349,66413.20999999999,6403.97,46298.91,3.0,14.1625,3249.0,0.027025,5.6225000000000005,438.99,6.71,27.7,-0.02809798270893371,-0.010271460014673495,-0.6,-0.0419414848638594
2023-04-01,P009,MAK_SKU_09,Makeup,1466,1426,1367,66723.17,6716.07,46405.96,8.75,15.98,3137.0,0.024524999999999998,7.34,614.14,7.1075,23.425,0.013343217197924417,0.10777957860615883,1.9166666666666665,0.12833186231244498
2023-05-01,P009,MAK_SKU_09,Makeup,1848,1808,1748,93714.23,8240.48,69769.17,6.4,15.634,3366.2,0.020040000000000002,6.468000000000001,655.91,6.781999999999999,33.32,0.27871250914411116,-0.050516023900054274,-0.26857142857142857,-0.021652065081351646
2023-06-01,P009,MAK_SKU_09,Makeup,1578,1551,1309,68527.07,7085.63,45551.4,3.75,14.9075,2639.75,0.01675,3.8025,477.70000000000005,7.37,40.65,-0.25114416475972545,-0.07946554149085794,-0.4140625,-0.04646923372137646
2023-07-01,P009,MAK_SKU_09,Makeup,1623,1571,1669,81719.06,7377.88,54954.49,6.4,13.962,3116.2,0.03002,6.95,553.97,7.388,20.94,0.27501909854851037,0.22810890360559233,0.7066666666666668,-0.06342445077980885
2023-08-01,P009,MAK_SKU_09,Makeup,1420,1394,1462,69530.78,6474.94,49440.17,7.5,13.825,2961.5,0.01795,4.5075,469.62,6.54,32.175,-0.1240263630916717,-0.0337078651685393,0.171875,-0.009812347801174681
2023-09-01,P009,MAK_SKU_09,Makeup,1334,1305,1143,63552.55,6224.12,45305.0,5.5,15.655,3300.75,0.0206,8.8525,381.97,6.84,25.4,-0.2181942544459644,-0.06464811783960722,-0.2666666666666667,0.13236889692585896
2023-10-01,P009,MAK_SKU_09,Makeup,1563,1528,1546,76569.19,7132.18,55045.89,7.8,12.931999999999999,2601.8,0.01984,5.896,556.4,7.318,27.380000000000003,0.352580927384077,-0.0343535290443473,0.4181818181818182,-0.1739380389651869
2023-11-01,P009,MAK_SKU_09,Makeup,1562,1521,1374,71958.12,7376.34,47887.11,7.5,15.1875,3097.5,0.0226,4.255,584.22,7.735,27.400000000000002,-0.11125485122897805,-0.05696636925188747,-0.038461538461538436,0.1744123105474793
2023-12-01,P009,MAK_SKU_09,Makeup,1530,1512,1307,71816.8,7166.01,47708.32,5.25,15.7225,3101.75,0.011325,5.5575,617.47,7.2325,7.25,-0.04876273653566232,-0.15294880103694097,-0.30000000000000004,0.03522633744855974
2024-01-01,P009,MAK_SKU_09,Makeup,1810,1774,1706,92072.64,8231.35,71154.42,9.4,15.622,2870.4,0.01774,6.968000000000001,632.07,6.784000000000001,24.02,0.3052792654934966,-0.08180839612486546,0.7904761904761906,-0.00639211321354749
2024-02-01,P009,MAK_SKU_09,Makeup,1571,1532,1367,73741.49,7451.67,54165.14,6.25,14.799999999999999,2617.75,0.02235,3.665,603.73,6.875,21.725,-0.19871043376318875,-0.015129682997118143,-0.3351063829787234,-0.05261810267571376
2024-03-01,P009,MAK_SKU_09,Makeup,1488,1458,1506,76307.28,6774.21,54684.3,5.75,15.0375,3519.5,0.018224999999999998,5.5625,510.79,7.52,17.85,0.10168251645940019,0.11638250555967389,-0.07999999999999996,0.01604729729729737
2024-04-01,P009,MAK_SKU_09,Makeup,1654,1624,1568,83544.79000000001,7520.59,59871.17,4.8,14.315999999999999,2188.2,0.01552,6.928,550.63,7.343999999999999,34.4,0.04116865869853914,0.14703730797366488,-0.16521739130434787,-0.04798004987531179
2024-05-01,P009,MAK_SKU_09,Makeup,1433,1415,1384,73140.3,6406.7,51193.53999999999,7.5,14.9525,3338.5,0.011850000000000001,6.0175,502.52000000000004,7.09,38.725,-0.11734693877551017,-0.20823798627002288,0.5625,0.04446074322436444
2024-06-01,P009,MAK_SKU_09,Makeup,1361,1335,1279,68705.07,6452.63,47593.67,5.0,12.8075,2908.25,0.016125,3.635,495.95,7.8425,37.525,-0.07586705202312138,-0.02291825821237581,-0.33333333333333337,-0.14345427186089288
2024-07-01,P009,MAK_SKU_09,Makeup,1735,1709,1548,82913.92,7711.610000000001,54877.76,6.6,13.984,3307.4,0.01422,5.486,547.09,7.242,33.12,0.21032056293979662,-0.0724985020970641,0.31999999999999984,0.09186023814171396
2024-08-01,P009,MAK_SKU_09,Makeup,1532,1496,1387,75901.16,7130.27,56685.009999999995,6.5,15.905,2877.0,0.0225,5.672499999999999,555.48,6.8625,28.625,-0.10400516795865633,-0.05129958960328318,-0.015151515151515138,0.13737128146453093
2024-09-01,P009,MAK_SKU_09,Makeup,1733,1691,1686,87186.34999999999,7633.48,60180.81,5.2,14.262,3166.6,0.022600000000000002,5.772,551.94,6.93,33.82,0.2155731795241529,0.47506561679790016,-0.19999999999999996,-0.1033008487896887
2024-10-01,P009,MAK_SKU_09,Makeup,1674,1654,1798,91050.95999999999,7346.1900000000005,64583.6,5.5,16.455,1737.5,0.011975,4.8325,716.97,7.5075,36.3,0.06642941874258601,0.16300129366106075,0.05769230769230771,0.15376525031552357
2024-11-01,P009,MAK_SKU_09,Makeup,1441,1419,1359,67334.32,6351.07,46816.47,4.0,14.705,3049.5,0.013649999999999999,5.73,571.96,7.03,26.075000000000003,-0.24416017797552836,-0.01091703056768556,-0.2727272727272727,-0.1063506532968701
2024-12-01,P009,MAK_SKU_09,Makeup,1831,1808,1837,89794.48,8369.130000000001,61001.94,4.4,14.607999999999999,3487.4,0.01138,4.9079999999999995,642.69,7.464,18.619999999999997,0.3517292126563649,0.4055087987758226,0.10000000000000009,-0.006596395783747155
2022-01-01,P010,MAK_SKU_10,Makeup,5158,5059,4561,218333.64,179660.56,17627.34,7.0,47.519999999999996,2745.8,0.01918,7.646000000000001,2566.56,7.58,37.28,,,,
2022-02-01,P010,MAK_SKU_10,Makeup,4459,4365,4216,201614.86,162454.26,18650.13,6.25,47.2825,3150.25,0.0217,6.5200000000000005,2235.58,6.665,29.35,-0.07564130673098002,,-0.1071428571428571,-0.004997895622895543
2022-03-01,P010,MAK_SKU_10,Makeup,3894,3870,3745,177916.99,140716.39,13503.55,3.75,40.885,3054.75,0.0068249999999999995,5.7325,1807.21,7.46,27.1,-0.11171726755218214,,-0.4,-0.13530375931898697
2022-04-01,P010,MAK_SKU_10,Makeup,4430,4344,4466,201046.53999999998,161361.86,21248.36,6.75,44.7,3981.75,0.018575,5.375,1870.66,6.5325,48.55,0.1925233644859814,,0.8,0.09331050507521099
2022-05-01,P010,MAK_SKU_10,Makeup,5633,5538,4924,237156.71,204228.41999999998,10315.48,6.0,46.275999999999996,2566.4,0.01668,5.746,2497.89,7.042,18.06,0.10255261979399921,,-0.11111111111111116,0.035257270693512144
2022-06-01,P010,MAK_SKU_10,Makeup,4399,4257,3764,185830.77,163541.31,849.8700000000003,6.0,48.205,3241.25,0.0313,7.177499999999999,2284.62,6.8425,27.200000000000003,-0.23558082859463847,,0.0,0.04168467456132774
2022-07-01,P010,MAK_SKU_10,Makeup,3556,3482,3150,151702.02000000002,130525.19,2631.75,3.75,36.61,3614.75,0.019049999999999997,5.645,1817.57,7.6875,33.0,-0.16312433581296493,,-0.375,-0.24053521418939938
2022-08-01,P010,MAK_SKU_10,Makeup,5853,5687,5542,255726.03,212024.41,11206.17,7.2,46.286,3208.6,0.02802,4.942,2589.18,6.728,26.52,0.7593650793650795,,0.9200000000000002,0.2642993717563509
2022-09-01,P010,MAK_SKU_10,Makeup,4365,4234,4058,198000.74,153413.84,24417.51,6.75,42.085,2649.0,0.028175,4.3175,1786.44,7.0575,34.4,-0.2677733670155179,,-0.0625,-0.0907617854210776
2022-10-01,P010,MAK_SKU_10,Makeup,5732,5617,4993,232241.16,209062.38999999998,-5048.230000000001,7.4,42.652,3449.8,0.0196,3.114,2492.35,8.186,33.46,0.23040906850665355,,0.09629629629629632,0.013472733753118638
2022-11-01,P010,MAK_SKU_10,Makeup,4799,4624,4600,223442.49000000002,179076.15,21455.7,4.5,51.39,3535.0,0.035525,6.4350000000000005,2209.96,7.36,25.775,-0.07871019427198078,,-0.3918918918918919,0.2048672981337334
2022-12-01,P010,MAK_SKU_10,Makeup,5011,4899,4517,213067.55,188038.19,4193.11,6.25,51.415,3360.75,0.022075,5.74,1847.04,6.4025,26.95,-0.018043478260869605,,0.38888888888888884,0.0004864759680871522
2023-01-01,P010,MAK_SKU_10,Makeup,5283,5193,4933,230934.74,201030.37,1277.6100000000004,4.2,45.552,3154.4,0.016599999999999997,6.692,2326.98,6.556,24.96,0.0920965242417533,0.08156106117079598,-0.32799999999999996,-0.1140328697850822
2023-02-01,P010,MAK_SKU_10,Makeup,4464,4429,4229,184068.06,158888.56,1137.699999999999,7.75,48.8375,3453.25,0.008525,6.58,2395.99,6.325,26.775000000000002,-0.14271234542874522,0.0030834914611006514,0.8452380952380951,0.07212636108184056
2023-03-01,P010,MAK_SKU_10,Makeup,3833,3775,3645,179538.91,138825.69,14837.710000000001,6.0,39.55,2820.25,0.0151,6.0,1789.2800000000002,7.57,29.275000000000002,-0.13809411208323485,-0.026702269692923886,-0.22580645161290325,-0.19017148707448173
2023-04-01,P010,MAK_SKU_10,Makeup,4380,4295,4110,178789.35,165486.54,-8280.65,5.75,39.97,3197.25,0.020275,2.8025,2220.9300000000003,5.93,47.15,0.12757201646090532,-0.07971339005821765,-0.04166666666666663,0.010619469026548645
2023-05-01,P010,MAK_SKU_10,Makeup,5173,5054,5250,215808.6,187249.38,1673.7199999999998,5.4,43.83,3325.6,0.021200000000000004,6.578,2329.01,7.31,24.3,0.27737226277372273,0.06620633631194162,-0.060869565217391286,0.0965724293219914
2023-06-01,P010,MAK_SKU_10,Makeup,4471,4381,4498,199480.3,160953.97999999998,15836.9,8.75,43.5175,3638.0,0.0203,4.42,2256.9700000000003,6.98,16.65,-0.14323809523809528,0.19500531349628059,0.6203703703703702,-0.007129819758156519
2023-07-01,P010,MAK_SKU_10,Makeup,5838,5721,5623,261354.34,213654.71,15112.210000000001,8.8,47.218,3208.6,0.0188,5.358,2722.34,6.256,33.339999999999996,0.25011116051578486,0.785079365079365,0.005714285714285783,0.08503475613259037
2023-08-01,P010,MAK_SKU_10,Makeup,3903,3809,3927,172166.96,138052.3,10643.52,3.75,37.9075,3363.0,0.024225,4.595000000000001,1754.4900000000002,6.6825,42.425,-0.30161835319224617,-0.29141104294478526,-0.5738636363636365,-0.19718115972722272
2023-09-01,P010,MAK_SKU_10,Makeup,3905,3857,3696,177430.03,146675.74,6932.38,6.75,45.17,3289.0,0.012125,8.3325,1691.24,7.885,26.125,-0.05882352941176472,-0.08920650566781663,0.8,0.19158477873771695
2023-10-01,P010,MAK_SKU_10,Makeup,6500,6344,6604,270213.18,235466.9,1686.289999999999,6.4,50.896,3485.0,0.023700000000000002,4.648000000000001,2716.37,7.362,26.54,0.7867965367965368,0.32265171239735624,-0.051851851851851816,0.12676555235775955
2023-11-01,P010,MAK_SKU_10,Makeup,5125,5008,4658,216694.05,188917.15,-449.6300000000001,7.5,53.44,2635.25,0.020675,6.2700000000000005,2649.82,6.1725,26.775,-0.2946698970321018,0.012608695652173818,0.171875,0.049984281672430075
2023-12-01,P010,MAK_SKU_10,Makeup,4729,4614,5004,183615.25,169425.03,-5785.26,7.5,47.800000000000004,3281.5,0.023674999999999998,4.9925,1934.4999999999998,6.6825,32.125,0.07428080721339625,0.10781492140801419,0.0,-0.1055389221556885
2024-01-01,P010,MAK_SKU_10,Makeup,4734,4638,4458,210936.6,170557.88999999998,13066.33,8.2,40.754000000000005,3328.2,0.01908,7.136,2157.64,7.231999999999999,14.02,-0.10911270983213428,-0.09629028988445165,0.09333333333333327,-0.1474058577405858
2024-02-01,P010,MAK_SKU_10,Makeup,4803,4723,4565,214663.66,179277.51,15952.36,4.75,52.2525,2997.25,0.01625,6.8375,2621.56,6.2375,31.25,0.024001794526693487,0.07945140695199804,-0.4207317073170731,0.28214408401629276
2024-03-01,P010,MAK_SKU_10,Makeup,4736,4595,4350,202489.56,179252.33,3892.08,4.75,54.3675,3150.75,0.030325,8.2175,1876.73,6.505,27.125,-0.0470974808324206,0.1934156378600822,0.0,0.04047653222333869
2024-04-01,P010,MAK_SKU_10,Makeup,5742,5624,5067,242011.12,206740.73,7505.48,6.8,45.484,3251.2,0.02026,5.064,2922.08,7.156000000000001,29.48,0.16482758620689664,0.23284671532846724,0.43157894736842106,-0.16339725019542917
2024-05-01,P010,MAK_SKU_10,Makeup,4384,4235,3908,182157.02,165195.89,-3889.54,7.0,46.1275,3348.25,0.032424999999999995,6.460000000000001,1965.57,7.26,28.5,-0.2287349516479179,-0.25561904761904763,0.02941176470588247,0.014147832204731259
2024-06-01,P010,MAK_SKU_10,Makeup,4363,4269,4650,199051.67,160261.24,13855.760000000002,8.75,50.22,2830.5,0.02095,8.2475,1855.32,6.9575,20.65,0.18986693961105416,0.03379279679857716,0.25,0.08872147851064982
2024-07-01,P010,MAK_SKU_10,Makeup,5248,5072,4859,237710.76,197402.52,15798.7,7.4,44.55,2791.2,0.03218,6.046,2186.31,7.172,28.02,0.04494623655913976,-0.13587053174462027,-0.15428571428571425,-0.11290322580645162
2024-08-01,P010,MAK_SKU_10,Makeup,4299,4189,3856,182459.8,157558.16999999998,4948.099999999999,5.25,47.05,3543.25,0.02465,7.23,1723.55,6.717499999999999,36.775,-0.20642107429512246,-0.0180799592564298,-0.29054054054054057,0.05611672278338942
2024-09-01,P010,MAK_SKU_10,Makeup,5047,4893,4808,215383.37,180252.41,8319.12,4.4,41.632,3323.2,0.03168,5.992,2038.44,6.87,26.8,0.24688796680497926,0.30086580086580095,-0.16190476190476188,-0.11515409139213606
2024-10-01,P010,MAK_SKU_10,Makeup,5355,5189,5675,241834.82,197810.39,14413.130000000001,6.0,55.470000000000006,3119.75,0.029625,6.105,2951.11,7.197500000000001,25.425,0.18032445923460894,-0.14067231980617811,0.36363636363636354,0.33238854727132994
2024-11-01,P010,MAK_SKU_10,Makeup,5031,4918,4665,213470.81,185290.62,10511.94,9.25,52.7025,3203.75,0.022600000000000002,6.2325,2185.0,7.1875,26.4,-0.17797356828193833,0.0015027908973808124,0.5416666666666667,-0.049891833423472254
2024-12-01,P010,MAK_SKU_10,Makeup,6789,6669,6315,307142.32,248681.18,29729.829999999998,4.8,55.388,2791.4,0.018260000000000002,5.794,3358.55,7.268000000000001,23.279999999999998,0.3536977491961415,0.26199040767386084,-0.48108108108108105,0.05095583700962947
2022-01-01,P011,FRA_SKU_11,Fragrance,4285,4190,4080,133858.86,133648.61,-23929.829999999998,6.8,34.968,2698.0,0.02162,5.646,4808.79,6.368,35.739999999999995,,,,
2022-02-01,P011,FRA_SKU_11,Fragrance,3094,3025,3143,95698.31,98444.43,-18540.89,6.5,30.1325,3313.25,0.023025,4.6375,3003.05,6.805,32.05,-0.229656862745098,,-0.044117647058823484,-0.13828357355296284
2022-03-01,P011,FRA_SKU_11,Fragrance,3257,3156,3172,104959.48,106135.31999999999,-16380.33,6.0,33.45,3453.25,0.031149999999999997,5.665,3774.69,7.2524999999999995,42.525,0.00922685332484896,,-0.07692307692307687,0.11009707126856383
2022-04-01,P011,FRA_SKU_11,Fragrance,3544,3455,2973,98663.72,114814.02,-31120.75,4.0,37.16,3213.75,0.025025,6.37,3905.39,7.87,27.775,-0.06273644388398492,,-0.33333333333333337,0.11091180866965611
2022-05-01,P011,FRA_SKU_11,Fragrance,3952,3873,4205,127048.54,127043.69,-26542.09,6.2,32.976,3651.6,0.02052,6.343999999999999,3590.88,6.9719999999999995,30.76,0.41439623276152027,,0.55,-0.11259418729817006
2022-06-01,P011,FRA_SKU_11,Fragrance,3616,3554,3289,106340.56,114788.16,-29830.07,7.0,38.35,3184.0,0.016149999999999998,6.515000000000001,3506.52,7.4425,39.275,-0.2178359096313912,,0.12903225806451601,0.16296700630761785
2022-07-01,P011,FRA_SKU_11,Fragrance,3076,3000,3217,95956.12,98781.56,-20806.8,8.0,32.425,3061.25,0.024875,6.470000000000001,2948.5299999999997,7.1775,26.6,-0.02189115232593497,,0.1428571428571428,-0.15449804432855296
2022-08-01,P011,FRA_SKU_11,Fragrance,4194,4125,3833,123671.28,133044.69,-29668.12,6.4,33.932,2744.4,0.0157,5.444,4290.66,6.82,25.18,0.19148274790177178,,-0.19999999999999996,0.04647648419429462
2022-09-01,P011,FRA_SKU_11,Fragrance,3340,3263,3005,104981.45,106167.45999999999,-15389.07,6.75,34.792500000000004,3134.0,0.0236,5.9775,3016.54,6.8925,28.674999999999997,-0.21601878424210796,,0.0546875,0.02535954261464113
2022-10-01,P011,FRA_SKU_11,Fragrance,4030,3936,3738,121762.47,132228.42,-26023.6,5.0,33.45,3656.6,0.02212,6.174,4043.3900000000003,7.303999999999999,27.24,0.2439267886855241,,-0.2592592592592593,-0.03858590213408064
2022-11-01,P011,FRA_SKU_11,Fragrance,3777,3701,3804,119468.73999999999,122394.76999999999,-21910.25,7.25,38.53,3343.25,0.0194,5.625,3128.62,7.2775,23.725,0.017656500802568198,,0.44999999999999996,0.15186846038863977
2022-12-01,P011,FRA_SKU_11,Fragrance,3844,3726,3952,122033.72,125767.25,-25008.670000000002,7.25,38.542500000000004,2836.75,0.03025,5.2325,4524.5,7.3025,19.799999999999997,0.03890641430073605,,0.0,0.00032442252790043646
2023-01-01,P011,FRA_SKU_11,Fragrance,4523,4421,4138,135841.73,150751.83000000002,-36807.369999999995,4.6,37.16,3785.0,0.02144,5.7459999999999996,4673.34,7.18,37.019999999999996,0.047064777327935126,0.014215686274509753,-0.3655172413793104,-0.03586949471362799
2023-02-01,P011,FRA_SKU_11,Fragrance,3091,3029,3022,94870.72,101073.92,-28253.39,7.75,33.765,3175.5,0.0194,7.0175,3270.87,6.7475000000000005,31.125,-0.26969550507491546,-0.038498250079541885,0.6847826086956523,-0.09136167922497296
2023-03-01,P011,FRA_SKU_11,Fragrance,2652,2594,2366,81896.45,84347.2,-17947.28,7.25,28.3,2876.5,0.021925,6.785,2636.21,7.21,27.975,-0.21707478491065524,-0.25409836065573765,-0.06451612903225812,-0.1618539908188953
2023-04-01,P011,FRA_SKU_11,Fragrance,3707,3636,3068,102131.85,120468.63,-35037.15,4.75,39.8375,3531.75,0.0174,6.93,3407.85,7.605,24.725,0.29670329670329676,0.03195425496131854,-0.3448275862068966,0.4076855123674912
2023-05-01,P011,FRA_SKU_11,Fragrance,4281,4222,4696,131172.25,140110.59,-36561.1,8.8,36.408,2961.6,0.01326,6.45,4117.69,6.864,30.46,0.530638852672751,0.11676575505350772,0.8526315789473686,-0.08608722936931279
2023-06-01,P011,FRA_SKU_11,Fragrance,3609,3561,3706,110355.21,118036.28,-25013.02,9.25,39.785,3054.75,0.013000000000000001,7.25,3711.29,6.9425,29.125,-0.21081771720613285,0.12678625722103987,0.051136363636363535,0.09275433970555902
2023-07-01,P011,FRA_SKU_11,Fragrance,4182,4123,3784,129133.51000000001,135668.3,-25223.91,5.0,31.488,3313.6,0.011940000000000001,3.9539999999999997,3917.36,6.8420000000000005,22.96,0.021046950890447835,0.1762511656823127,-0.45945945945945943,-0.2085459343973859
2023-08-01,P011,FRA_SKU_11,Fragrance,3134,3066,2904,99834.33,100972.43,-14658.9,3.75,34.1825,3173.75,0.020874999999999998,7.0225,3284.56,6.225,32.3,-0.2325581395348837,-0.24236890164362124,-0.25,0.08557228150406493
2023-09-01,P011,FRA_SKU_11,Fragrance,3130,3064,2890,97736.06,99858.41,-21721.08,5.5,30.625,3698.0,0.019525,4.725,2981.8,6.875,19.275,-0.004820936639118423,-0.038269550748752046,0.46666666666666656,-0.10407372193373798
2023-10-01,P011,FRA_SKU_11,Fragrance,4028,3965,3616,120028.48999999999,128120.73000000001,-29097.17,5.4,31.72,3237.2,0.01558,4.356,3894.89,6.898000000000001,31.839999999999996,0.25121107266435994,-0.032637774210807935,-0.018181818181818077,0.03575510204081622
2023-11-01,P011,FRA_SKU_11,Fragrance,4184,4079,3823,125304.63,135362.08000000002,-29682.3,8.0,43.1675,2757.25,0.0247,5.895,4594.52,7.0925,38.5,0.057245575221238854,0.004994742376445815,0.4814814814814814,0.3608921815889028
2023-12-01,P011,FRA_SKU_11,Fragrance,3973,3940,4186,120493.77,127787.79999999999,-26165.33,8.5,41.225,3804.25,0.007125,6.1975,4284.07,7.215,31.775,0.09495160868427943,0.05921052631578938,0.0625,-0.044999131290901606
2024-01-01,P011,FRA_SKU_11,Fragrance,4004,3892,3683,123921.94,132505.56,-31356.25,6.2,36.064,3165.6,0.026339999999999995,7.502,3202.11,7.678,37.019999999999996,-0.12016244624940275,-0.10995650072498797,-0.2705882352941176,-0.1251910248635537
2024-02-01,P011,FRA_SKU_11,Fragrance,2885,2829,3169,89435.39,93538.3,-21339.4,6.25,32.025,3282.5,0.019225,7.685,3435.45,7.97,46.425,-0.13956014118924787,0.04864328259430839,0.008064516129032251,-0.11199534161490687
2024-03-01,P011,FRA_SKU_11,Fragrance,3486,3414,3203,100501.89,113577.21,-30796.71,5.75,33.870000000000005,2838.25,0.020325000000000003,4.3675,3282.8199999999997,6.43,21.450000000000003,0.010728936573051406,0.35376162299239233,-0.07999999999999996,0.0576112412177987
2024-04-01,P011,FRA_SKU_11,Fragrance,4405,4348,4159,129741.19,139083.82,-31193.91,7.6,33.732,2488.8,0.01338,3.7920000000000003,4406.92,7.31,19.1,0.2984701842023103,0.355606258148631,0.3217391304347825,-0.004074402125775145
2024-05-01,P011,FRA_SKU_11,Fragrance,3924,3859,3741,124683.72,123349.42,-16098.19,8.0,42.1275,3798.5,0.016125,6.9025,4659.65,7.5175,18.9,-0.10050492906948783,-0.2033645655877342,0.05263157894736836,0.24888829598007822
2024-06-01,P011,FRA_SKU_11,Fragrance,3578,3489,3046,100562.15,115656.22,-29827.72,6.0,35.6275,3054.75,0.024575,4.9525,3594.37,6.9,25.6,-0.18577920342154508,-0.17808958445763623,-0.25,-0.1542935137380571
2024-07-01,P011,FRA_SKU_11,Fragrance,4381,4311,4267,140120.76,140412.91,-20339.02,6.6,33.404,2557.8,0.01524,3.718,4026.81,7.4079999999999995,32.7,0.40085357846355874,0.1276427061310783,0.09999999999999987,-0.06240965546277444
2024-08-01,P011,FRA_SKU_11,Fragrance,3329,3245,3160,96123.84,102955.48,-28557.53,7.25,32.9075,3193.0,0.026175,4.745,2801.39,6.68,28.1,-0.25943285680806183,0.0881542699724518,0.09848484848484862,-0.014863489402466956
2024-09-01,P011,FRA_SKU_11,Fragrance,4519,4428,4910,155107.22,140256.51,-7773.83,6.4,37.754000000000005,3388.4,0.01934,6.2299999999999995,4650.13,7.08,28.139999999999997,0.5537974683544304,0.698961937716263,-0.11724137931034473,0.14727645673478706
2024-10-01,P011,FRA_SKU_11,Fragrance,3639,3517,3606,109728.68,115114.84,-20985.93,5.0,34.99,3577.5,0.033375,4.2525,4284.55,6.4475,23.275,-0.2655804480651731,-0.0027654867256636795,-0.21875,-0.07321078561212069
2024-11-01,P011,FRA_SKU_11,Fragrance,3939,3864,3517,117197.53,128860.53,-26160.050000000003,6.5,45.925,3331.0,0.019825,8.6325,3971.9500000000003,6.1325,38.35,-0.02468108707709371,-0.08004185194873137,0.30000000000000004,0.312517862246356
2024-12-01,P011,FRA_SKU_11,Fragrance,6079,5966,5566,181429.4,197309.17,-36465.81,6.8,52.517999999999994,3542.8,0.01706,7.087999999999999,5771.33,7.006,29.8,0.5825988058003981,0.3296703296703296,0.04615384615384621,0.1435601524224277
2022-01-01,P012,MAK_SKU_12,Makeup,6457,6341,6366,310359.16,76866.09,200041.47,5.6,57.08,3008.0,0.01756,7.4159999999999995,2836.12,6.603999999999999,25.839999999999996,,,,
2022-02-01,P012,MAK_SKU_12,Makeup,4878,4742,4384,229756.56,60582.8,148064.68,6.25,47.13,3562.5,0.027624999999999997,4.5125,1820.31,7.085,30.125,-0.3113415017279296,,0.1160714285714286,-0.1743167484232655
2022-03-01,P012,MAK_SKU_12,Makeup,4450,4406,4382,229761.59,56098.57,149302.66999999998,5.0,50.685,3127.25,0.00985,8.01,2156.91,7.2675,28.05,-0.00045620437956206406,,-0.19999999999999996,0.07542966263526418
2022-04-01,P012,MAK_SKU_12,Makeup,4697,4554,4740,226948.28,58311.94,146802.65000000002,7.75,46.2575,2970.0,0.0297,4.59,2181.5,7.05,15.425,0.08169785486079406,,0.55,-0.08735326033343205
2022-05-01,P012,MAK_SKU_12,Makeup,6305,6178,6368,324025.05,78832.89,214538.2,8.6,50.606,2999.2,0.01994,5.183999999999999,2590.12,7.898000000000001,23.580000000000002,0.3434599156118143,,0.10967741935483866,0.09400637734421458
2022-06-01,P012,MAK_SKU_12,Makeup,5209,5120,4837,230342.24,64961.83,140457.43,5.75,60.04,2313.25,0.0168,8.2275,1983.91,7.3575,30.475,-0.24042085427135673,,-0.3313953488372092,0.18642058253961968
2022-07-01,P012,MAK_SKU_12,Makeup,4833,4725,4448,229571.21,59689.85,151492.66999999998,6.0,52.6475,3274.5,0.021275,6.88,2154.95,6.467499999999999,28.55,-0.08042174901798638,,0.04347826086956519,-0.12312624916722181
2022-08-01,P012,MAK_SKU_12,Makeup,5385,5249,5258,248804.55,67627.04,159251.87,5.6,43.620000000000005,3020.0,0.02418,5.298,2924.84,6.74,31.919999999999998,0.18210431654676262,,-0.06666666666666676,-0.17147063013438424
2022-09-01,P012,MAK_SKU_12,Makeup,5138,5037,4862,262120.46000000002,64224.009999999995,169618.09,8.25,50.6775,2657.5,0.0193,4.74,2166.42,7.1675,28.35,-0.07531380753138073,,0.4732142857142858,0.16179504814305368
2022-10-01,P012,MAK_SKU_12,Makeup,6624,6501,6610,326638.29000000004,84261.56,213013.54,6.4,51.628,3035.0,0.018359999999999998,4.118,3154.5,7.548,28.919999999999998,0.35952283011106534,,-0.22424242424242424,0.01875585812244096
2022-11-01,P012,MAK_SKU_12,Makeup,4902,4776,4615,238512.97,60844.91,152018.0,7.25,48.5975,2781.0,0.026000000000000002,4.7175,1932.3600000000001,6.6625,25.425,-0.3018154311649016,,0.1328125,-0.058698768110327815
2022-12-01,P012,MAK_SKU_12,Makeup,5729,5607,5614,266631.2,68173.08,175961.03,3.25,58.265,3356.25,0.02055,5.6575,2289.23,6.865,29.775,0.2164680390032503,,-0.5517241379310345,0.1989299861103968
2023-01-01,P012,MAK_SKU_12,Makeup,6672,6570,6615,319379.75,83567.26999999999,203608.62,5.2,52.726,3590.4,0.01532,4.856,2263.89,6.598000000000001,31.8,0.1783042394014962,0.0391140433553252,0.6000000000000001,-0.09506564833090192
2023-02-01,P012,MAK_SKU_12,Makeup,4859,4760,4914,235117.07,61439.87,149036.84,8.5,55.36,2997.25,0.02055,8.290000000000001,2599.7200000000003,6.9,24.55,-0.2571428571428571,0.12089416058394153,0.6346153846153846,0.049956378257406175
2023-03-01,P012,MAK_SKU_12,Makeup,4812,4703,4225,223001.7,60166.86,136181.95,8.5,53.115,3017.75,0.020925,7.359999999999999,2174.63,6.825,27.175,-0.14021164021164023,-0.03582838886353268,0.0,-0.040552745664739875
2023-04-01,P012,MAK_SKU_12,Makeup,5411,5281,4740,248790.21,68575.25,154586.97,9.0,56.254999999999995,3255.0,0.022675,6.1625,1683.1,6.9825,26.375,0.1218934911242604,0.0,0.05882352941176472,0.059117010260754776
2023-05-01,P012,MAK_SKU_12,Makeup,5626,5508,5040,261076.22999999998,70245.08,165150.41999999998,8.6,50.598,3335.6,0.02134,7.884,2168.3900000000003,6.5680000000000005,25.8,0.06329113924050622,-0.20854271356783916,-0.04444444444444451,-0.10055995022664643
2023-06-01,P012,MAK_SKU_12,Makeup,4813,4741,4616,227975.21999999997,60198.83,147832.02,4.5,44.6425,1974.25,0.014975,3.1475000000000004,2199.44,7.42,30.425,-0.08412698412698416,-0.04568947694852177,-0.4767441860465116,-0.11770228072255817
2023-07-01,P012,MAK_SKU_12,Makeup,6272,6111,5820,305659.45,78431.31,200444.31,4.4,55.94199999999999,3214.4,0.02522,7.644,2200.57,7.45,13.76,0.2608318890814558,0.3084532374100719,-0.022222222222222143,0.253110824886599
2023-08-01,P012,MAK_SKU_12,Makeup,4936,4799,5244,231654.19,61805.92,142825.27000000002,7.75,46.2,2974.5,0.0263,3.2874999999999996,1772.74,6.9350000000000005,28.724999999999998,-0.09896907216494844,-0.0026626093571699982,0.7613636363636362,-0.17414464981588063
2023-09-01,P012,MAK_SKU_12,Makeup,4930,4854,4104,208052.36,60965.69,120703.29,4.5,52.45,2847.75,0.014400000000000001,6.3475,2124.73,7.47,26.75,-0.21739130434782605,-0.15590292060880295,-0.4193548387096774,0.13528138528138522
2023-10-01,P012,MAK_SKU_12,Makeup,5959,5816,5409,273580.1,74323.33,168836.68,6.2,47.588,2933.8,0.02706,5.346,2421.21,7.1819999999999995,26.78,0.3179824561403508,-0.18169440242057489,0.37777777777777777,-0.09269780743565303
2023-11-01,P012,MAK_SKU_12,Makeup,5957,5879,5667,299617.23,73087.26,199759.81,4.75,59.61,3039.25,0.012175,5.01,2961.02,6.922499999999999,43.7,0.047698280643372115,0.22795232936078014,-0.2338709677419355,0.25262671261662595
2023-12-01,P012,MAK_SKU_12,Makeup,6142,5994,5863,293499.18,78626.94,184240.38999999998,3.25,57.957499999999996,2927.25,0.024,3.6625000000000005,2560.19,7.0649999999999995,29.4,0.03458620081171704,0.044353402208763715,-0.3157894736842105,-0.02772185874853217
2024-01-01,P012,MAK_SKU_12,Makeup,6459,6397,5810,299266.05,83047.22,188039.06,6.0,51.018,3067.6,0.009859999999999999,4.64,2509.64,6.87,23.5,-0.009039740747057823,-0.12169312169312174,0.8461538461538463,-0.11973428805590292
2024-02-01,P012,MAK_SKU_12,Makeup,5601,5535,5208,265281.37,69429.43,168833.86,4.75,59.24,3236.75,0.011875,6.1825,2267.52,8.025,24.6,-0.10361445783132528,0.05982905982905984,-0.20833333333333337,0.16115880669567595
2024-03-01,P012,MAK_SKU_12,Makeup,5238,5157,4373,239106.91,64041.009999999995,148309.95,6.0,54.8925,3332.25,0.01495,6.215,2188.07,7.2125,36.4,-0.16033026113671278,0.03502958579881654,0.26315789473684204,-0.07338791357191088
2024-04-01,P012,MAK_SKU_12,Makeup,6630,6463,6926,330275.06,82236.35,215979.43,6.8,53.812,2584.4,0.024399999999999998,5.468,2643.91,7.306,24.619999999999997,0.5838097415961583,0.46118143459915606,0.1333333333333333,-0.01968392767682292
2024-05-01,P012,MAK_SKU_12,Makeup,4774,4707,4399,232218.5,59363.19,149054.93,6.0,52.5125,3448.25,0.014624999999999999,7.4025,2184.67,6.8025,27.625,-0.3648570603522957,-0.12718253968253967,-0.11764705882352944,-0.024148888723704687
2024-06-01,P012,MAK_SKU_12,Makeup,5722,5545,5134,280133.52,70723.98,185582.73,6.0,58.18,3702.5,0.0302,5.6225000000000005,2503.81,6.8325,30.175,0.16708342805182985,0.1122183708838822,0.0,0.10792668412282791
2024-07-01,P012,MAK_SKU_12,Makeup,7185,7030,6155,321964.13,89477.97,205668.76,5.8,59.029999999999994,3488.2,0.02028,5.482,2992.26,6.676,28.660000000000004,0.19887027658745615,0.05756013745704469,-0.033333333333333326,0.014609831557236053
2024-08-01,P012,MAK_SKU_12,Makeup,5616,5564,4941,264509.21,69447.83,170767.37,7.5,57.495,3203.5,0.009425,5.5600000000000005,1970.82,6.6375,40.025,-0.19723801787164907,-0.057780320366132676,0.2931034482758621,-0.026003726918515935
2024-09-01,P012,MAK_SKU_12,Makeup,7141,6977,7561,353541.63,87693.89,231958.13,6.8,60.955999999999996,2660.4,0.02364,6.909999999999999,3347.05,6.614,36.38,0.5302570329892735,0.8423489278752436,-0.09333333333333338,0.06019653882946341
2024-10-01,P012,MAK_SKU_12,Makeup,4927,4870,4939,263896.55,60768.03,177507.6,4.0,48.3875,3046.5,0.0132,4.5925,1908.81,7.157500000000001,31.75,-0.3467795265176564,-0.08689221667591052,-0.4117647058823529,-0.2061897106109324
2024-11-01,P012,MAK_SKU_12,Makeup,5866,5710,5958,308230.07,73262.28,211250.5,8.0,60.010000000000005,3987.25,0.027025,5.81,2905.27,7.11,25.4,0.20631706823243579,0.05134992059290622,1.0,0.24019633169723598
2024-12-01,P012,MAK_SKU_12,Makeup,7649,7538,8078,400849.16,95541.23,270694.5,5.8,59.160000000000004,2841.0,0.01596,4.484,2995.58,7.912000000000001,21.68,0.3558241020476669,0.3777929387685486,-0.275,-0.014164305949008527
