Month,Product_ID,Product_Name,Category,Produced_Units,Good_Units,Sales_Units,Returned_Units,Revenue,COGS,Marketing_Spend,Logistics_Cost,Other_Expenses,Profit,Raw_Material_Cost,Acquisition,NPS,Employee_Satisfaction,Downtime_hours,Defect_Rate,Inventory,Backorder
2022-01-01,P001,SKI_SKU_01,Skincare,4238,4164,4008,52,216632.86,145298.79,6273.84,10930.36,3750.42,50379.45,2209.91,210,33.28,7.106,32.1,0.016120000000000002,2872.2,12
2022-01-01,P002,SKI_SKU_02,Skincare,4486,4436,3790,67,78894.01000000001,48238.1,7151.139999999999,4957.82,4471.89,14075.06,2848.86,197,34.14,7.192,33.29,0.01092,2950.8,0
2022-01-01,P003,FRA_SKU_03,Fragrance,3077,2994,2844,23,137028.07,70739.73,13019.83,5917.48,3656.88,43694.15,3577.6,140,36.839999999999996,8.006,37.21,0.0258,2835.6,24
2022-01-01,P004,SKI_SKU_04,Skincare,6270,6183,5745,103,271671.88,89679.17,9050.8,11941.47,3855.08,157145.36,1997.9,304,35.42,6.378,31.92,0.013799999999999998,2706.0,4
2022-01-01,P005,MAK_SKU_05,Makeup,4818,4713,4435,60,248440.06,111269.51000000001,9495.53,11994.9,4111.36,111568.76,1381.71,241,29.2,6.781999999999999,33.38,0.021060000000000002,2934.6,29
2022-01-01,P006,MAK_SKU_06,Makeup,9510,9423,9149,121,563392.91,264054.47,12729.1,32095.82,2808.56,251704.96,1431.03,584,29.74,7.3,27.17,0.008159999999999999,3089.8,18
2022-01-01,P007,FRA_SKU_07,Fragrance,11987,11640,11655,166,608791.1599999999,265597.69,16500.97,45946.99,3012.26,277733.25,5926.9,763,23.7,7.122,30.21,0.029699999999999997,3737.2,409
2022-01-01,P008,SKI_SKU_08,Skincare,7662,7498,6829,76,47848.09,22271.9,7416.55,2546.93,3433.43,12179.28,7741.45,379,27.74,7.798,38.38,0.0214,3420.0,0
2022-01-01,P009,MAK_SKU_09,Makeup,1770,1722,1604,30,85552.20999999999,30686.61,8886.98,4379.99,4355.22,37243.41,622.9300000000001,109,24.1,6.831999999999999,19.23,0.024839999999999997,3044.0,7
2022-01-01,P010,MAK_SKU_10,Makeup,5158,5059,4561,66,218333.64,142393.27000000002,8081.15,9082.09,3882.5,54894.630000000005,2566.56,273,37.28,7.58,38.230000000000004,0.01918,2745.8,32
2022-01-01,P011,FRA_SKU_11,Fragrance,4285,4190,4080,75,133858.86,78996.40000000001,15969.27,4744.0599999999995,3426.75,30722.379999999997,4808.79,250,35.739999999999995,6.368,28.23,0.02162,2698.0,45
2022-01-01,P012,MAK_SKU_12,Makeup,6457,6341,6366,63,310359.16,126116.2,16109.22,14665.15,2677.23,150791.36,2836.12,457,25.839999999999996,6.603999999999999,37.08,0.01756,3008.0,241
2022-02-01,P001,SKI_SKU_01,Skincare,3849,3793,3758,36,209337.97,125975.36,10241.23,8820.21,2523.68,61777.49,2052.19,214,37.05,7.01,25.6,0.013975000000000001,3100.5,24
2022-02-01,P002,SKI_SKU_02,Skincare,3702,3641,3407,63,66713.64,38372.62,8340.92,3536.44,2720.25,13743.41,2059.83,173,34.6,7.41,17.73,0.0159,2143.25,0
2022-02-01,P003,FRA_SKU_03,Fragrance,2492,2456,2574,43,118863.9,57706.4,10071.61,4919.38,3164.33,43002.18,1981.9,153,38.875,7.1325,11.3,0.013,3069.25,106
2022-02-01,P004,SKI_SKU_04,Skincare,4846,4758,4599,57,217444.14,68877.41,7634.93,12701.32,2464.94,125765.54000000001,1600.49,347,15.774999999999999,6.18,20.52,0.0182,2584.25,51
2022-02-01,P005,MAK_SKU_05,Makeup,4604,4521,4528,93,255845.06,105372.98000000001,8795.369999999999,9712.68,3145.91,128818.12,1379.23,237,27.25,7.335,16.07,0.01755,3090.5,77
2022-02-01,P006,MAK_SKU_06,Makeup,7240,7063,6804,103,400761.42,196693.1,11692.43,14970.300000000001,2406.38,174999.21000000002,1215.65,539,32.25,7.1899999999999995,24.7,0.025349999999999998,3275.25,8
2022-02-01,P007,FRA_SKU_07,Fragrance,8351,8164,8225,110,469297.62,189582.51,10144.029999999999,28460.64,2125.3999999999996,238985.04,4314.06,570,36.95,6.835,19.58,0.0207,3381.75,94
2022-02-01,P008,SKI_SKU_08,Skincare,5847,5754,5144,73,36062.04,16789.28,8783.880000000001,2257.06,2812.02,5419.8,4809.28,269,20.5,6.6450000000000005,18.85,0.015225,2948.25,0
2022-02-01,P009,MAK_SKU_09,Makeup,1474,1439,1323,22,68910.54000000001,25755.690000000002,8622.34,4337.86,3058.7200000000003,27135.93,425.99,79,26.025,8.0875,17.66,0.020975,2784.0,13
2022-02-01,P010,MAK_SKU_10,Makeup,4459,4365,4216,55,201614.86,128751.65999999999,7750.820000000001,9716.43,3043.22,52352.729999999996,2235.58,277,29.35,6.665,26.080000000000002,0.0217,3150.25,13
2022-02-01,P011,FRA_SKU_11,Fragrance,3094,3025,3143,40,95698.31,58159.48,7427.43,5618.43,2748.91,21744.059999999998,3003.05,199,32.05,6.805,18.55,0.023025,3313.25,188
2022-02-01,P012,MAK_SKU_12,Makeup,4878,4742,4384,61,229756.56,99414.5,8025.12,9545.11,3538.8500000000004,109232.98000000001,1820.31,229,30.125,7.085,18.05,0.027624999999999997,3562.5,23
2022-03-01,P001,SKI_SKU_01,Skincare,3725,3667,3328,51,174485.84,123326.77,13779.36,8912.970000000001,3650.38,24816.36,1855.01,218,22.75,7.25,15.709999999999999,0.014375,2955.0,1
2022-03-01,P002,SKI_SKU_02,Skincare,3379,3316,3214,62,59577.369999999995,34694.04,11358.64,2430.3,2804.8100000000004,8289.579999999998,2041.64,205,32.45,6.395,28.11,0.018275,2301.25,43
2022-03-01,P003,FRA_SKU_03,Fragrance,2519,2471,2554,32,121916.92,57502.82,9075.12,7165.110000000001,3005.85,45168.020000000004,2115.79,141,21.0,6.285,30.25,0.018349999999999998,2744.75,123
2022-03-01,P004,SKI_SKU_04,Skincare,4552,4481,4086,36,200910.94,63919.22,11450.130000000001,10291.84,3331.38,111918.37,1733.71,246,30.6,7.2175,19.63,0.015525,3042.75,11
2022-03-01,P005,MAK_SKU_05,Makeup,3718,3647,3843,62,205616.90000000002,84035.78,8584.06,11230.09,2918.7999999999997,98848.18,1020.05,215,27.3,7.3175,25.93,0.018025,2833.75,149
2022-03-01,P006,MAK_SKU_06,Makeup,7780,7603,6809,84,397518.0,206311.35,11368.33,17737.15,3835.49,158265.68,1193.93,453,28.1,6.8425,31.5,0.021574999999999997,2624.75,0
2022-03-01,P007,FRA_SKU_07,Fragrance,9241,9071,8462,74,499541.27,207940.2,9380.53,26667.86,3924.1,251628.58000000002,4660.62,363,26.55,7.029999999999999,17.78,0.017425,2992.5,82
2022-03-01,P008,SKI_SKU_08,Skincare,5420,5278,5278,62,33301.47,15925.22,8578.24,1666.31,3359.74,3771.96,7831.31,256,27.625,7.135,26.950000000000003,0.027549999999999998,3118.0,149
2022-03-01,P009,MAK_SKU_09,Makeup,1400,1374,1363,22,74318.55,22906.3,9458.14,3689.21,2955.59,35309.31,505.01,79,36.25,6.955,27.26,0.01765,3307.5,20
2022-03-01,P010,MAK_SKU_10,Makeup,3894,3870,3745,41,177916.99,111535.07,10734.58,9957.25,3005.22,42684.869999999995,1807.21,271,27.1,7.46,22.93,0.0068249999999999995,3054.75,33
2022-03-01,P011,FRA_SKU_11,Fragrance,3257,3156,3172,60,104959.48,62735.65,7278.32,5850.8,2075.37,27019.339999999997,3774.69,222,42.525,7.2524999999999995,22.66,0.031149999999999997,3453.25,91
2022-03-01,P012,MAK_SKU_12,Makeup,4450,4406,4382,53,229761.59,92017.87,9940.08,11377.43,3042.8399999999997,113383.37,2156.91,226,28.05,7.2675,32.04,0.00985,3127.25,62
2022-04-01,P001,SKI_SKU_01,Skincare,3544,3456,3284,19,174536.46,117919.06,4922.1,8786.46,1748.9499999999998,41159.89,1665.38,136,21.150000000000002,6.4325,21.12,0.021975,3477.25,34
2022-04-01,P002,SKI_SKU_02,Skincare,3582,3531,3925,61,64041.04,37990.32,13740.27,3445.08,2118.71,6746.66,1892.74,302,31.7,7.57,23.66,0.0143,3010.75,198
2022-04-01,P003,FRA_SKU_03,Fragrance,2637,2580,2294,27,116141.22,59379.44,8313.21,7059.64,3331.08,38057.850000000006,2685.2,126,34.724999999999994,6.7825,26.07,0.021400000000000002,2922.75,0
2022-04-01,P004,SKI_SKU_04,Skincare,5398,5307,5133,40,252689.92,76195.6,8168.13,13141.24,3241.83,151943.12,2188.66,279,34.85,7.1825,31.85,0.01695,3497.5,54
2022-04-01,P005,MAK_SKU_05,Makeup,4711,4613,4688,78,244379.27,109066.45,7752.61,12432.34,2171.77,112956.1,1469.07,286,22.1,7.1575,22.83,0.019674999999999998,4316.25,171
2022-04-01,P006,MAK_SKU_06,Makeup,7900,7784,7243,57,432013.88,222599.18,8384.84,21187.96,3232.37,176609.53,1775.1799999999998,434,24.825,7.105,30.39,0.0141,2812.0,0
2022-04-01,P007,FRA_SKU_07,Fragrance,8221,8026,8133,119,436911.98,183104.61,5464.11,22130.9,2816.36,223396.0,5420.81,420,27.55,7.7475,23.25,0.023525,3109.5,323
2022-04-01,P008,SKI_SKU_08,Skincare,6339,6148,5638,108,39182.09,18658.41,8824.779999999999,2155.87,1751.43,7791.6,5961.0,318,29.775000000000002,6.815,26.72,0.03055,2799.0,0
2022-04-01,P009,MAK_SKU_09,Makeup,1396,1378,1234,15,68311.45,24584.9,12879.25,4321.64,3327.29,23198.37,543.03,63,24.075,7.0275,28.89,0.010775,3324.25,10
2022-04-01,P010,MAK_SKU_10,Makeup,4430,4344,4466,58,201046.53999999998,127873.38,6532.4400000000005,9373.82,2530.06,54736.84,1870.66,254,48.55,6.5325,21.5,0.018575,3981.75,111
2022-04-01,P011,FRA_SKU_11,Fragrance,3544,3455,2973,51,98663.72,67849.76000000001,6666.469999999999,4902.4400000000005,3401.54,15843.51,3905.39,228,27.775,7.87,25.48,0.025025,3213.75,0
2022-04-01,P012,MAK_SKU_12,Makeup,4697,4554,4740,110,226948.28,95651.94,7917.92,11577.01,2338.76,109462.65,2181.5,218,15.425,7.05,18.36,0.0297,2970.0,173
2022-05-01,P001,SKI_SKU_01,Skincare,4352,4262,3697,37,203442.49,152358.61,13443.27,11907.98,3475.0899999999997,22257.54,2409.9,191,34.540000000000006,6.998,35.14,0.02018,3456.2,0
2022-05-01,P002,SKI_SKU_02,Skincare,5084,5022,4852,100,93803.88,52236.28,16153.24,5528.99,1509.83,18375.54,2607.44,364,18.740000000000002,7.580000000000001,26.67,0.0118,3074.0,11
2022-05-01,P003,FRA_SKU_03,Fragrance,3060,2973,2632,58,129851.85,67746.12,12225.09,5991.73,2626.5699999999997,41262.34,2701.21,176,27.7,6.714,37.23,0.027860000000000003,2883.6,0
2022-05-01,P004,SKI_SKU_04,Skincare,6756,6639,6609,47,314856.06,97202.84,11060.829999999998,15355.39,2283.72,188953.28,2687.75,373,27.48,7.965999999999999,24.130000000000003,0.0166,3362.8,132
2022-05-01,P005,MAK_SKU_05,Makeup,5789,5665,5486,103,303549.68,128880.15,12794.2,14809.35,3043.15,144022.83,1719.74,330,30.1,6.843999999999999,29.31,0.0216,2817.4,45
2022-05-01,P006,MAK_SKU_06,Makeup,10498,10172,9993,126,559174.99,289796.56,9734.48,34406.56,3281.0299999999997,221956.36,1912.15,695,22.72,6.258,28.83,0.03124,2974.2,420
2022-05-01,P007,FRA_SKU_07,Fragrance,11705,11500,11477,257,579264.17,260067.33,9537.15,34569.58,2679.0,272411.11,8361.36,811,32.4,6.4879999999999995,31.72,0.02054,3725.4,336
2022-05-01,P008,SKI_SKU_08,Skincare,7851,7676,8393,89,49193.18,23002.18,15282.09,2922.34,2688.2799999999997,5298.29,8504.64,420,36.260000000000005,6.696,29.61,0.02196,2864.6,447
2022-05-01,P009,MAK_SKU_09,Makeup,1798,1760,1841,26,93869.14,29380.36,8786.19,5719.76,4102.16,45880.67,581.29,87,39.04,6.651999999999999,28.1,0.02046,2733.4,54
2022-05-01,P010,MAK_SKU_10,Makeup,5633,5538,4924,59,237156.71,161853.22999999998,9539.78,10174.42,2898.61,52690.67,2497.89,295,18.06,7.042,28.73,0.01668,2566.4,0
2022-05-01,P011,FRA_SKU_11,Fragrance,3952,3873,4205,93,127048.54,75052.94,15273.48,7640.71,3632.75,25448.66,3590.88,255,30.76,6.9719999999999995,31.72,0.02052,3651.6,151
2022-05-01,P012,MAK_SKU_12,Makeup,6305,6178,6368,126,324025.05,129312.97,15327.5,12006.96,3319.49,164058.13,2590.12,395,23.580000000000002,7.898000000000001,25.919999999999998,0.01994,2999.2,161
2022-06-01,P001,SKI_SKU_01,Skincare,3174,3103,3134,76,149158.84,104485.66,10758.22,6617.84,2522.71,24774.41,1797.29,155,29.7,6.7925,24.26,0.025275,3695.0,141
2022-06-01,P002,SKI_SKU_02,Skincare,4211,4177,4180,65,83812.43000000001,45189.9,3644.14,3915.58,2908.19,28154.62,2452.9300000000003,237,14.450000000000001,7.665,24.2,0.007975,3684.0,92
2022-06-01,P003,FRA_SKU_03,Fragrance,2669,2608,2540,27,126800.36,59648.82,9870.349999999999,3954.06,2679.5,50647.63,2498.92,189,33.3,7.28,13.98,0.021325,3002.75,21
2022-06-01,P004,SKI_SKU_04,Skincare,4282,4199,4056,26,177731.4,62549.51,10206.39,11163.6,1874.09,91937.81,1679.87,239,18.5,7.0725,26.77,0.019549999999999998,2495.25,71
2022-06-01,P005,MAK_SKU_05,Makeup,3904,3821,3948,87,203170.91999999998,86845.22,6321.05,9204.28,2628.11,98172.26000000001,1450.5900000000001,277,30.75,8.5275,28.69,0.019424999999999998,2907.0,122
2022-06-01,P006,MAK_SKU_06,Makeup,7370,7260,6992,89,414174.35,194640.24,12077.17,17944.53,2863.14,186649.27,1421.59,377,28.475,6.465,14.190000000000001,0.014450000000000001,2639.0,98
2022-06-01,P007,FRA_SKU_07,Fragrance,10761,10632,9887,191,570393.19,238740.65,7638.5599999999995,36231.34,2588.62,285194.02,5147.65,538,16.1,6.35,20.58,0.012075,3246.75,0
2022-06-01,P008,SKI_SKU_08,Skincare,5720,5541,5238,48,34362.79,16452.510000000002,12133.150000000001,1255.98,2970.86,1550.29,6376.01,274,20.025,6.797499999999999,16.86,0.030525,3693.75,28
2022-06-01,P009,MAK_SKU_09,Makeup,1391,1362,1422,19,73876.92000000001,24658.75,12735.67,2812.79,2702.24,30967.47,442.43,91,31.700000000000003,7.6325,23.35,0.018075,3124.25,46
2022-06-01,P010,MAK_SKU_10,Makeup,4399,4257,3764,67,185830.77,129613.35,8332.69,10403.43,2703.4700000000003,34777.83,2284.62,252,27.200000000000003,6.8425,28.709999999999997,0.0313,3241.25,0
2022-06-01,P011,FRA_SKU_11,Fragrance,3616,3554,3289,25,106340.56,67826.57,13002.49,5864.58,2515.4,17131.52,3506.52,148,39.275,7.4425,26.060000000000002,0.016149999999999998,3184.0,46
2022-06-01,P012,MAK_SKU_12,Makeup,5209,5120,4837,81,230342.24,106572.15,7648.51,14830.449999999999,2444.02,98847.11,1983.91,239,30.475,7.3575,32.91,0.0168,2313.25,60
2022-07-01,P001,SKI_SKU_01,Skincare,3754,3672,3402,71,185750.14,122958.94,7861.04,10589.060000000001,2868.39,41472.71,1970.65,210,30.0,6.8475,29.31,0.020825,2906.0,0
2022-07-01,P002,SKI_SKU_02,Skincare,3834,3775,3594,62,71719.33,39366.44,6142.47,3753.19,2448.62,20008.61,2442.4700000000003,189,39.975,7.54,23.21,0.01515,2682.0,12
2022-07-01,P003,FRA_SKU_03,Fragrance,2363,2329,2293,26,106653.28,51822.07,6677.76,5115.37,2532.33,40505.75,2058.62,125,24.475,6.875,29.05,0.014225,2572.25,43
2022-07-01,P004,SKI_SKU_04,Skincare,4589,4506,4352,74,199613.87,62612.1,10972.32,11934.89,3199.38,110895.17,1610.06,305,37.175,6.8774999999999995,19.89,0.0172,2726.0,29
2022-07-01,P005,MAK_SKU_05,Makeup,3925,3853,3313,56,180156.29,86276.12,7408.98,12335.61,3512.3100000000004,70623.27,1327.73,170,31.5,6.8925,25.33,0.0174,3316.75,0
2022-07-01,P006,MAK_SKU_06,Makeup,7326,7191,6745,110,384210.26,197051.8,7988.63,25638.79,2897.5,150633.54,1641.73,408,19.225,6.3,29.77,0.0183,4055.25,17
2022-07-01,P007,FRA_SKU_07,Fragrance,8999,8845,8073,109,467468.96,206993.47999999998,5017.13,28929.54,2834.91,223693.9,5320.53,384,27.4,6.63,22.0,0.0167,3076.0,14
2022-07-01,P008,SKI_SKU_08,Skincare,6595,6391,5766,110,39322.770000000004,19248.13,4453.71,1952.2,2963.86,10704.87,7694.16,320,32.150000000000006,6.395,21.38,0.030575,3159.0,0
2022-07-01,P009,MAK_SKU_09,Makeup,1369,1352,1359,12,73299.84,23903.149999999998,9797.16,3031.7,2802.73,33765.1,559.98,69,29.05,7.055,26.92,0.011275,3136.25,15
2022-07-01,P010,MAK_SKU_10,Makeup,3556,3482,3150,47,151702.02000000002,103452.02,8666.91,7417.24,2460.9300000000003,29704.92,1817.57,192,33.0,7.6875,22.58,0.019049999999999997,3614.75,0
2022-07-01,P011,FRA_SKU_11,Fragrance,3076,3000,3217,62,95956.12,58360.03,11356.74,3941.6499999999996,2682.9700000000003,19614.73,2948.5299999999997,217,26.6,7.1775,25.880000000000003,0.024875,3061.25,134
2022-07-01,P012,MAK_SKU_12,Makeup,4833,4725,4448,76,229571.21,97911.01000000001,5856.52,10252.09,2280.08,113271.51,2154.95,305,28.55,6.467499999999999,27.52,0.021275,3274.5,0
2022-08-01,P001,SKI_SKU_01,Skincare,4404,4259,4348,54,222422.35,149847.1,10571.17,11862.98,3284.9100000000003,46856.19,2148.67,198,25.72,6.973999999999999,27.59,0.033839999999999995,2949.0,83
2022-08-01,P002,SKI_SKU_02,Skincare,4617,4524,4721,78,90786.70999999999,49101.78,9950.99,6026.22,2315.57,23392.149999999998,2474.2,309,30.060000000000002,7.2219999999999995,24.42,0.0194,3355.2,251
2022-08-01,P003,FRA_SKU_03,Fragrance,2924,2836,2519,23,121869.38,67113.43,14255.99,6461.78,4688.49,29349.690000000002,2791.42,123,32.38,7.556,30.15,0.029339999999999998,3012.8,0
2022-08-01,P004,SKI_SKU_04,Skincare,6109,6040,6126,38,285275.47,86157.84,16349.3,14309.869999999999,2628.06,165830.4,2484.66,356,32.239999999999995,7.882,28.93,0.01154,3033.4,119
2022-08-01,P005,MAK_SKU_05,Makeup,5341,5229,4795,88,268332.18,120986.39,12282.71,12559.31,3216.93,119286.84,2007.35,261,19.119999999999997,7.376,21.900000000000002,0.019459999999999998,3219.4,0
2022-08-01,P006,MAK_SKU_06,Makeup,9679,9402,10465,259,576505.68,267149.44,13258.23,22751.29,4068.37,269278.35,1489.99,395,24.54,7.608,36.47,0.028300000000000002,3639.0,579
2022-08-01,P007,FRA_SKU_07,Fragrance,12259,12042,12404,220,691486.99,275774.25,10984.86,36732.4,4376.33,363619.15,6762.12,606,21.619999999999997,7.0760000000000005,25.96,0.016900000000000002,3151.2,227
2022-08-01,P008,SKI_SKU_08,Skincare,6454,6309,5619,61,39078.05,19026.69,7583.62,1993.84,2873.19,7600.71,6638.47,359,22.880000000000003,7.790000000000001,45.52,0.02256,3042.0,9
2022-08-01,P009,MAK_SKU_09,Makeup,1664,1627,1513,19,83510.75,28536.47,10609.4,4705.21,3292.0699999999997,36367.6,642.89,76,29.659999999999997,6.9239999999999995,28.439999999999998,0.02074,3839.6,4
2022-08-01,P010,MAK_SKU_10,Makeup,5853,5687,5542,69,255726.03,168030.84,15928.039999999999,12948.06,3619.35,55199.74,2589.18,279,26.52,6.728,24.71,0.02802,3208.6,86
2022-08-01,P011,FRA_SKU_11,Fragrance,4194,4125,3833,71,123671.28,78624.06999999999,10758.21,5835.53,3700.9700000000003,24752.500000000004,4290.66,215,25.18,6.82,27.22,0.0157,2744.4,37
2022-08-01,P012,MAK_SKU_12,Makeup,5385,5249,5258,54,248804.55,110890.26,9616.14,8717.24,3592.26,115988.65,2924.84,349,31.919999999999998,6.74,26.490000000000002,0.02418,3020.0,135
2022-09-01,P001,SKI_SKU_01,Skincare,4321,4205,4040,42,215843.08000000002,142021.07,10176.66,10367.44,2279.27,50998.64,2639.02,207,27.2,6.7275,21.36,0.025974999999999998,2571.25,0
2022-09-01,P002,SKI_SKU_02,Skincare,3650,3564,3589,52,72591.82,40006.53,10010.98,4342.94,3036.45,15194.92,1985.05,241,35.525,7.2749999999999995,23.95,0.022600000000000002,2920.75,49
2022-09-01,P003,FRA_SKU_03,Fragrance,2325,2262,2083,45,104598.54000000001,50866.54,12402.02,2405.64,3022.67,35901.67,1796.46,144,9.95,7.279999999999999,24.73,0.02505,3352.0,0
2022-09-01,P004,SKI_SKU_04,Skincare,4934,4814,4539,22,212998.14,71959.87,9550.5,12252.11,1702.03,117533.63,1800.62,289,39.9,7.2375,20.71,0.02465,2545.5,0
2022-09-01,P005,MAK_SKU_05,Makeup,3943,3907,3949,39,218496.12,89851.86,9087.8,10731.66,3670.78,105154.02,1258.68,306,21.924999999999997,7.14,30.92,0.00885,3049.25,44
2022-09-01,P006,MAK_SKU_06,Makeup,7959,7763,6716,141,406193.26,214207.89,11201.42,21845.42,4142.76,154795.77000000002,1627.51,362,29.325000000000003,7.109999999999999,22.64,0.02405,3289.75,0
2022-09-01,P007,FRA_SKU_07,Fragrance,8220,8078,7553,142,432611.32,176968.22999999998,8096.2,20676.34,1718.8000000000002,225151.75,5166.86,360,36.25,7.5424999999999995,27.25,0.0167,3088.0,119
2022-09-01,P008,SKI_SKU_08,Skincare,6480,6304,6277,85,43093.29,19269.07,10023.16,2144.25,3823.16,7833.65,6706.9,436,37.4,7.6625,10.8,0.025875000000000002,2926.5,69
2022-09-01,P009,MAK_SKU_09,Makeup,1342,1296,1222,24,65431.53,22900.7,7044.200000000001,3920.03,3304.71,28261.89,426.04,82,21.35,7.2425,15.17,0.031775,3230.75,2
2022-09-01,P010,MAK_SKU_10,Makeup,4365,4234,4058,53,198000.74,121581.75,6191.96,11769.25,2208.18,56249.6,1786.44,260,34.4,7.0575,17.27,0.028175,2649.0,56
2022-09-01,P011,FRA_SKU_11,Fragrance,3340,3263,3005,42,104981.45,62728.49,6453.55,5208.46,2541.05,28049.9,3016.54,195,28.674999999999997,6.8925,23.91,0.0236,3134.0,43
2022-09-01,P012,MAK_SKU_12,Makeup,5138,5037,4862,83,262120.46000000002,105350.66,9758.85,15300.26,3219.25,128491.44,2166.42,389,28.35,7.1675,18.96,0.0193,2657.5,88
2022-10-01,P001,SKI_SKU_01,Skincare,4959,4855,5485,97,258637.75,165848.47,16971.3,15453.33,3465.37,56899.28,2496.76,359,35.28,6.781999999999999,22.490000000000002,0.021660000000000002,3100.6,306
2022-10-01,P002,SKI_SKU_02,Skincare,4595,4536,4939,71,88150.65,47151.49,16762.92,5007.88,2699.56,16528.8,2611.0299999999997,299,39.04,7.590000000000001,26.88,0.012620000000000001,3237.6,209
2022-10-01,P003,FRA_SKU_03,Fragrance,2946,2893,2758,40,123210.7,65990.13,14105.02,6402.62,2567.2799999999997,34145.65,2661.47,194,29.139999999999997,7.1739999999999995,34.78,0.01652,3496.6,89
2022-10-01,P004,SKI_SKU_04,Skincare,6265,6135,6169,118,257281.66,90195.29,11940.58,15089.87,4419.14,135636.78,2013.88,347,37.62,7.164,35.55,0.02066,3063.6,259
2022-10-01,P005,MAK_SKU_05,Makeup,5013,4937,5199,47,272816.26,108140.88,9752.69,15356.49,4197.54,135368.66,1410.85,336,18.520000000000003,6.784000000000001,27.68,0.0152,3264.8,195
2022-10-01,P006,MAK_SKU_06,Makeup,9215,9013,9083,203,529664.12,245496.51,10894.68,25354.97,3552.59,244365.37,1291.71,495,35.519999999999996,6.94,37.379999999999995,0.02138,2567.2,255
2022-10-01,P007,FRA_SKU_07,Fragrance,12061,11772,11124,162,643043.22,276146.65,12613.56,29090.379999999997,3735.93,321456.69999999995,7876.45,857,19.919999999999998,6.34,29.27,0.024820000000000002,2885.6,118
2022-10-01,P008,SKI_SKU_08,Skincare,6706,6473,6167,119,44126.299999999996,19639.77,7881.04,1851.18,3765.06,10989.25,6272.89,348,31.560000000000002,6.362,28.6,0.03488,3018.6,60
2022-10-01,P009,MAK_SKU_09,Makeup,1835,1799,1601,20,86132.69,31439.8,6248.49,5274.15,4193.94,38976.31,701.96,88,22.4,7.109999999999999,33.72,0.01822,2879.4,0
2022-10-01,P010,MAK_SKU_10,Makeup,5732,5617,4993,92,232241.16,165675.47,12624.33,11874.11,3728.56,38338.69,2492.35,371,33.46,8.186,15.569999999999999,0.0196,3449.8,59
2022-10-01,P011,FRA_SKU_11,Fragrance,4030,3936,3738,40,121762.47,78117.35,4896.889999999999,6281.07,4379.69,28087.47,4043.3900000000003,175,27.24,7.303999999999999,30.87,0.02212,3656.6,42
2022-10-01,P012,MAK_SKU_12,Makeup,6624,6501,6610,61,326638.29000000004,138195.91999999998,10079.73,16325.54,2957.92,159079.18,3154.5,413,28.919999999999998,7.548,20.59,0.018359999999999998,3035.0,131
2022-11-01,P001,SKI_SKU_01,Skincare,4041,3972,3945,33,187447.95,132480.13,8521.869999999999,9014.98,3735.39,33695.58,2123.9900000000002,176,21.7,6.8725000000000005,15.84,0.018,3185.0,109
2022-11-01,P002,SKI_SKU_02,Skincare,4370,4300,4855,69,84664.69,45990.88,4110.63,4817.66,1574.51,28171.01,2163.55,256,13.350000000000001,7.1575,20.6,0.015375,2319.0,338
2022-11-01,P003,FRA_SKU_03,Fragrance,2777,2698,2799,9,126267.98999999999,63323.119999999995,6520.650000000001,7236.71,1910.51,47277.0,2586.2999999999997,187,35.25,5.8075,33.71,0.028124999999999997,3252.25,100
2022-11-01,P004,SKI_SKU_04,Skincare,5669,5519,5033,67,223591.34000000003,82204.11,10329.800000000001,14555.54,3076.9700000000003,113424.92,2430.23,353,24.1,6.455,23.15,0.02685,2856.25,0
2022-11-01,P005,MAK_SKU_05,Makeup,5395,5205,5386,59,305930.36,117123.3,9926.73,16480.96,3541.79,158857.58000000002,1741.9,378,30.375,7.4925,17.97,0.0349,2071.5,114
2022-11-01,P006,MAK_SKU_06,Makeup,7779,7664,7654,180,461658.30000000005,213249.1,7936.22,30075.78,3183.24,207213.96,1331.9299999999998,458,21.25,7.8375,33.45,0.01485,2594.0,80
2022-11-01,P007,FRA_SKU_07,Fragrance,10062,9900,8844,99,497242.14,223355.47,7043.76,19952.27,3100.23,243790.41,6419.67,568,19.575,7.114999999999999,22.39,0.017425,3595.5,0
2022-11-01,P008,SKI_SKU_08,Skincare,7114,6888,6383,53,44266.48,19763.65,6947.2,2333.21,2848.73,12373.69,7967.48,411,25.775,6.4875,23.549999999999997,0.032025,3381.75,0
2022-11-01,P009,MAK_SKU_09,Makeup,1588,1569,1457,20,71240.3,27617.8,13559.449999999999,3790.1000000000004,1641.27,24631.68,519.62,91,26.724999999999998,6.970000000000001,22.240000000000002,0.01385,3821.5,47
2022-11-01,P010,MAK_SKU_10,Makeup,4799,4624,4600,84,223442.49000000002,141922.02000000002,8575.380000000001,11985.56,2349.7,58609.83,2209.96,200,25.775,7.36,25.740000000000002,0.035525,3535.0,70
2022-11-01,P011,FRA_SKU_11,Fragrance,3777,3701,3804,32,119468.73999999999,72293.59999999999,10067.18,6158.64,2758.4,28190.92,3128.62,222,23.725,7.2775,22.5,0.0194,3343.25,209
2022-11-01,P012,MAK_SKU_12,Makeup,4902,4776,4615,94,238512.97,99849.04000000001,5503.05,17138.77,3008.24,113013.87000000001,1932.3600000000001,257,25.425,6.6625,18.87,0.026000000000000002,2781.0,46
2022-12-01,P001,SKI_SKU_01,Skincare,3925,3828,3694,67,186828.66,133549.28,14370.99,8121.62,3286.0699999999997,27500.699999999997,1972.28,187,32.45,7.552499999999999,27.669999999999998,0.023725,3061.5,51
2022-12-01,P002,SKI_SKU_02,Skincare,4324,4246,3792,66,76366.76,44038.19,7059.13,3949.2999999999997,3995.44,17324.699999999997,2824.02,178,37.15,7.2525,30.72,0.01825,2897.75,0
2022-12-01,P003,FRA_SKU_03,Fragrance,2970,2936,3243,51,145751.22,67155.06,8861.58,10019.95,2747.5099999999998,56967.12,2755.4,161,15.925,6.9725,27.64,0.011175000000000001,2978.5,153
2022-12-01,P004,SKI_SKU_04,Skincare,5861,5708,5804,87,252979.18,82447.78,14276.970000000001,12831.62,3121.92,140300.89,1625.74,338,32.15,6.3625,20.46,0.025925,2927.75,233
2022-12-01,P005,MAK_SKU_05,Makeup,4969,4838,5095,118,265400.9,112869.56999999999,8333.41,13387.42,2919.5299999999997,127890.97,1269.69,315,19.95,7.2725,26.49,0.025325,3079.25,220
2022-12-01,P006,MAK_SKU_06,Makeup,8642,8519,8105,131,479568.39,232888.04,11464.97,18368.32,2905.81,213941.25,1722.04,571,19.099999999999998,6.717499999999999,19.8,0.015575,2736.75,140
2022-12-01,P007,FRA_SKU_07,Fragrance,9638,9349,8717,61,497267.52,218512.64,7749.68,28717.480000000003,3435.39,238852.33000000002,6045.36,609,40.15,7.2700000000000005,20.450000000000003,0.028525000000000002,3391.25,89
2022-12-01,P008,SKI_SKU_08,Skincare,5769,5608,5765,96,37924.18,15961.119999999999,8572.779999999999,2263.7,3081.9700000000003,8044.61,6125.18,328,30.825,6.595,16.599999999999998,0.0282,3042.25,92
2022-12-01,P009,MAK_SKU_09,Makeup,1630,1588,1543,15,79927.77,28068.510000000002,5985.46,5343.35,2883.3900000000003,37647.06,624.75,86,20.5,6.955,28.41,0.024225,2512.0,32
2022-12-01,P010,MAK_SKU_10,Makeup,5011,4899,4517,76,213067.55,149010.61,8458.3,9597.19,2780.76,43220.69,1847.04,323,26.95,6.4025,22.96,0.022075,3360.75,57
2022-12-01,P011,FRA_SKU_11,Fragrance,3844,3726,3952,100,122033.72,74342.29000000001,10755.37,7021.82,3497.95,26416.29,4524.5,204,19.799999999999997,7.3025,20.93,0.03025,2836.75,173
2022-12-01,P012,MAK_SKU_12,Makeup,5729,5607,5614,95,266631.2,111829.82,8282.98,11760.14,2453.97,132304.29,2289.23,311,29.775,6.865,22.63,0.02055,3356.25,106
2023-01-01,P001,SKI_SKU_01,Skincare,4437,4334,4158,55,224916.88,151892.28,11980.95,11436.08,3973.65,45633.92,2440.07,222,23.6,7.6,33.519999999999996,0.022359999999999998,2623.4,5
2023-01-01,P002,SKI_SKU_02,Skincare,4622,4495,4403,69,86807.5,48776.990000000005,11147.41,4453.51,4046.42,18383.170000000002,2529.69,290,29.04,7.328,37.8,0.02498,3104.4,73
2023-01-01,P003,FRA_SKU_03,Fragrance,2975,2925,2888,62,136430.55,67549.59,6173.05,8237.02,3424.03,51046.86,2867.5,186,28.7,7.44,38.8,0.01632,3147.2,120
2023-01-01,P004,SKI_SKU_04,Skincare,5998,5896,6208,101,258302.91,83917.25,18312.93,9109.11,3576.1099999999997,143387.51,2790.84,307,29.78,7.122,30.560000000000002,0.01538,3306.4,235
2023-01-01,P005,MAK_SKU_05,Makeup,5621,5507,5674,105,286094.3,128299.76999999999,10134.97,13364.560000000001,2437.9300000000003,131857.08000000002,1565.71,403,26.32,7.236,29.419999999999998,0.01782,2462.2,256
2023-01-01,P006,MAK_SKU_06,Makeup,8888,8784,8968,97,484855.3,235085.47,12926.75,20010.5,3973.35,212859.23,1469.9099999999999,470,37.5,7.496,42.2,0.012280000000000001,2701.0,423
2023-01-01,P007,FRA_SKU_07,Fragrance,13593,13288,13991,255,739214.5700000001,307001.2,16287.11,37069.94,4065.8199999999997,374790.5,7938.150000000001,881,20.9,6.638,30.93,0.02112,2947.8,499
2023-01-01,P008,SKI_SKU_08,Skincare,8001,7887,7531,75,49005.18,22768.47,12998.23,1994.0500000000002,3304.27,7940.17,8738.7,520,25.18,7.5920000000000005,36.61,0.01444,2888.0,112
2023-01-01,P009,MAK_SKU_09,Makeup,1821,1768,1858,37,93081.91,30948.02,18133.59,4114.22,3552.74,36333.34,575.62,120,37.46,6.7700000000000005,27.05,0.027739999999999997,3476.8,63
2023-01-01,P010,MAK_SKU_10,Makeup,5283,5193,4933,77,230934.74,159320.57,13285.08,12591.57,2750.1099999999997,42987.41,2326.98,320,24.96,6.556,33.46,0.016599999999999997,3154.4,86
2023-01-01,P011,FRA_SKU_11,Fragrance,4523,4421,4138,86,135841.73,89079.2,11517.08,6994.9,3385.29,24865.260000000002,4673.34,247,37.019999999999996,7.18,28.729999999999997,0.02144,3785.0,44
2023-01-01,P012,MAK_SKU_12,Makeup,6672,6570,6615,82,319379.75,137106.57,9870.49,18257.83,4075.54,150069.32,2263.89,410,31.8,6.598000000000001,24.28,0.01532,3590.4,263
2023-02-01,P001,SKI_SKU_01,Skincare,3085,3056,2891,51,162586.02,105154.78,6871.780000000001,10837.19,3029.38,36692.89,1655.9299999999998,188,30.875,6.95,18.97,0.008025,2876.25,0
2023-02-01,P002,SKI_SKU_02,Skincare,3928,3855,3564,46,66509.42,41029.869999999995,9507.63,3628.01,1968.44,10375.470000000001,2782.54,271,25.55,6.55,19.06,0.01665,2136.0,0
2023-02-01,P003,FRA_SKU_03,Fragrance,2680,2632,2420,32,120271.74,60346.86,10643.26,6222.94,1757.3700000000001,41301.31,2618.52,114,36.55,6.84,29.259999999999998,0.016375,2624.25,0
2023-02-01,P004,SKI_SKU_04,Skincare,4492,4301,4148,71,179068.74,63566.86,8927.92,7305.13,1687.49,97581.33,1916.61,203,30.375,6.585,31.05,0.0422,2072.5,12
2023-02-01,P005,MAK_SKU_05,Makeup,4635,4548,4190,34,236179.64,104939.09,9972.73,11136.369999999999,2223.07,107908.38,1160.8200000000002,317,45.775,7.22,20.34,0.018625000000000003,2314.5,0
2023-02-01,P006,MAK_SKU_06,Makeup,7126,6894,6177,66,361149.77,186022.12,10121.720000000001,17865.85,3843.5099999999998,143296.57,1424.93,470,33.35,7.2425,27.4,0.032325,3339.0,0
2023-02-01,P007,FRA_SKU_07,Fragrance,9990,9815,9069,82,499890.11,222516.22999999998,5438.320000000001,23321.29,3299.35,245314.91999999998,5392.82,594,16.75,7.06,23.71,0.017175,3172.0,68
2023-02-01,P008,SKI_SKU_08,Skincare,6855,6751,6608,96,46489.65,19552.02,10394.26,2124.2,3181.79,11237.380000000001,6887.85,415,23.125,6.8950000000000005,30.44,0.015175000000000001,3045.0,99
2023-02-01,P009,MAK_SKU_09,Makeup,1490,1445,1388,21,73257.54000000001,24806.35,11011.75,2665.1,3624.37,31149.97,570.39,80,34.075,7.2275,20.009999999999998,0.028825,2530.0,22
2023-02-01,P010,MAK_SKU_10,Makeup,4464,4429,4229,74,184068.06,125927.42,11542.87,9694.24,2804.69,34098.84,2395.99,246,26.775000000000002,6.325,26.32,0.008525,3453.25,82
2023-02-01,P011,FRA_SKU_11,Fragrance,3091,3029,3022,54,94870.72,59730.55,13486.52,4906.65,3657.0200000000004,13089.98,3270.87,171,31.125,6.7475000000000005,28.07,0.0194,3175.5,53
2023-02-01,P012,MAK_SKU_12,Makeup,4859,4760,4914,93,235117.07,100747.86,7705.0599999999995,13717.41,3217.89,109728.85,2599.7200000000003,217,24.55,6.9,33.160000000000004,0.02055,2997.25,195
2023-03-01,P001,SKI_SKU_01,Skincare,4012,3903,3613,45,200986.03,136209.85,8434.74,11085.9,1936.73,43318.81,2193.21,170,17.275,6.55,16.22,0.025175,2595.75,30
2023-03-01,P002,SKI_SKU_02,Skincare,4132,4047,3821,64,77407.91,41393.26,8813.91,3351.33,2452.8,21396.61,2301.84,252,24.950000000000003,6.5775,19.36,0.020925,2993.75,50
2023-03-01,P003,FRA_SKU_03,Fragrance,2283,2253,2057,20,101704.44,49697.75,13612.59,6485.9,3266.11,28642.09,2080.73,137,31.799999999999997,7.045,28.18,0.011825,2394.25,0
2023-03-01,P004,SKI_SKU_04,Skincare,5302,5143,4570,93,217732.79,75310.44,6210.32,11795.71,2342.74,122073.58,2034.33,276,28.9,6.2875,21.880000000000003,0.029699999999999997,2880.5,0
2023-03-01,P005,MAK_SKU_05,Makeup,4539,4420,4395,84,243861.97,103359.19,8487.45,8766.85,3047.54,120200.94,1691.6000000000001,256,27.175,7.79,26.02,0.02695,2753.25,17
2023-03-01,P006,MAK_SKU_06,Makeup,8406,8313,7287,109,435056.13,229577.94,10620.04,17206.21,2259.94,175392.0,1646.25,456,28.775,7.7225,26.33,0.0117,2905.75,0
2023-03-01,P007,FRA_SKU_07,Fragrance,8068,7860,7956,168,418655.64,179286.55,7332.59,24969.76,2588.99,204477.75,4274.16,341,33.425,7.035,22.21,0.02555,3237.5,205
2023-03-01,P008,SKI_SKU_08,Skincare,5642,5485,5365,96,37159.9,16130.359999999999,6926.610000000001,1355.2,3323.25,9424.480000000001,4946.33,392,31.025,6.4825,26.549999999999997,0.027125,3049.0,87
2023-03-01,P009,MAK_SKU_09,Makeup,1396,1356,1349,15,66413.20999999999,24131.42,8860.05,2400.59,2449.69,28571.46,438.99,68,27.7,6.71,22.490000000000002,0.027025,3249.0,31
2023-03-01,P010,MAK_SKU_10,Makeup,3833,3775,3645,60,179538.91,110014.43,13701.07,9114.59,3059.85,43648.97,1789.2800000000002,201,29.275000000000002,7.57,24.0,0.0151,2820.25,61
2023-03-01,P011,FRA_SKU_11,Fragrance,2652,2594,2366,26,81896.45,49835.21,9259.32,3108.35,3128.8599999999997,16564.71,2636.21,104,27.975,7.21,27.14,0.021925,2876.5,0
2023-03-01,P012,MAK_SKU_12,Makeup,4812,4703,4225,106,223001.7,98694.85,9739.58,14994.86,1918.45,97653.96,2174.63,258,27.175,6.825,29.439999999999998,0.020925,3017.75,0
2023-04-01,P001,SKI_SKU_01,Skincare,3811,3749,3482,21,192208.18,125342.88,10494.79,8132.51,2764.36,45473.64,1966.21,173,47.925,7.25,18.75,0.016225,3475.5,0
2023-04-01,P002,SKI_SKU_02,Skincare,3914,3819,3612,53,74751.23999999999,41112.24,9128.15,4139.74,2634.42,17736.690000000002,2132.06,253,29.625,6.97,23.57,0.0258,3990.5,57
2023-04-01,P003,FRA_SKU_03,Fragrance,2597,2504,2171,47,106543.67,59892.07,6266.15,6182.13,3221.94,30981.38,2569.48,144,37.0,7.495,16.91,0.035275,3013.75,0
2023-04-01,P004,SKI_SKU_04,Skincare,5077,4938,4491,33,212081.06,72200.58,6773.69,12235.800000000001,2277.35,118593.65,2262.73,255,25.45,6.4425,21.85,0.02615,2586.5,0
2023-04-01,P005,MAK_SKU_05,Makeup,4951,4776,5221,62,260643.67,110221.93,7317.39,11176.470000000001,2163.27,129764.61,1686.05,340,28.025,6.7425,25.14,0.035425,2313.25,418
2023-04-01,P006,MAK_SKU_06,Makeup,8047,7896,8587,93,489349.42000000004,215394.2,8466.18,27226.36,1988.07,236274.61,1642.42,457,37.125,7.762499999999999,25.03,0.01955,2982.25,515
2023-04-01,P007,FRA_SKU_07,Fragrance,9799,9518,9403,114,469788.16000000003,215868.58,14133.08,22783.59,3192.25,213810.66,5892.28,655,40.225,6.7175,34.45,0.027275,3237.0,287
2023-04-01,P008,SKI_SKU_08,Skincare,6792,6690,6406,74,45051.46,18629.2,9812.460000000001,2116.98,2785.67,11707.15,6874.52,378,35.25,6.93,29.87,0.015224999999999999,3060.75,12
2023-04-01,P009,MAK_SKU_09,Makeup,1466,1426,1367,14,66723.17,25260.17,7578.219999999999,3098.6800000000003,2924.24,27861.86,614.14,82,23.425,7.1075,29.36,0.024524999999999998,3137.0,58
2023-04-01,P010,MAK_SKU_10,Makeup,4380,4295,4110,41,178789.35,131160.7,7022.54,12433.560000000001,2127.36,26045.19,2220.9300000000003,222,47.15,5.93,11.21,0.020275,3197.25,160
2023-04-01,P011,FRA_SKU_11,Fragrance,3707,3636,3068,55,102131.85,71169.04000000001,7160.41,5442.42,4097.54,14262.44,3407.85,164,24.725,7.605,27.72,0.0174,3531.75,0
2023-04-01,P012,MAK_SKU_12,Makeup,5411,5281,4740,67,248790.21,112531.86,8116.93,14974.849999999999,2536.21,110630.36,1683.1,335,26.375,6.9825,24.65,0.022675,3255.0,0
2023-05-01,P001,SKI_SKU_01,Skincare,4875,4754,4548,54,242523.94,164227.96000000002,14437.52,14382.26,4425.0599999999995,45051.14,2514.26,239,25.96,7.312,31.919999999999998,0.02362,2990.2,53
2023-05-01,P002,SKI_SKU_02,Skincare,5182,5076,5043,81,99277.19,54432.05,11877.69,4668.91,3951.07,24347.47,3005.29,274,29.080000000000002,7.462000000000001,32.25,0.020579999999999998,3030.6,129
2023-05-01,P003,FRA_SKU_03,Fragrance,3337,3237,3610,70,143815.44,73404.76,8020.5599999999995,5483.4,3502.38,53404.34,3661.83,152,32.1,7.08,30.36,0.02974,2591.2,237
2023-05-01,P004,SKI_SKU_04,Skincare,6360,6255,6043,64,272825.35,91049.74,12081.61,16595.29,3229.88,149868.83000000002,2197.36,377,32.56,6.976000000000001,33.33,0.016139999999999998,2926.8,45
2023-05-01,P005,MAK_SKU_05,Makeup,6012,5894,5368,44,299895.26,132497.6,8702.32,17621.91,3829.56,137243.87,1816.43,277,20.66,7.236,33.75,0.0177,3296.6,14
2023-05-01,P006,MAK_SKU_06,Makeup,11118,11000,10334,138,616338.61,302691.02,10825.5,29500.190000000002,3101.45,270220.45,2265.63,700,37.22,6.632,27.69,0.01058,2514.2,97
2023-05-01,P007,FRA_SKU_07,Fragrance,12347,11943,11339,192,653968.52,277284.16000000003,11289.05,31962.21,3558.47,329874.63,8308.32,540,35.839999999999996,7.95,31.23,0.03214,2995.6,55
2023-05-01,P008,SKI_SKU_08,Skincare,8491,8319,8155,90,55239.869999999995,24524.41,14218.02,2760.2,3904.99,9832.25,9279.8,460,19.7,7.147999999999999,28.73,0.020319999999999998,2926.6,124
2023-05-01,P009,MAK_SKU_09,Makeup,1848,1808,1748,26,93714.23,31022.35,8774.52,4085.66,2844.4,46987.3,655.91,93,33.32,6.781999999999999,32.34,0.020040000000000002,3366.2,23
2023-05-01,P010,MAK_SKU_10,Makeup,5173,5054,5250,76,215808.6,148402.93,12922.74,10837.9,3124.86,40520.17,2329.01,368,24.3,7.31,32.89,0.021200000000000004,3325.6,199
2023-05-01,P011,FRA_SKU_11,Fragrance,4281,4222,4696,95,131172.25,82777.14,16767.91,7007.79,3847.06,20772.35,4117.69,250,30.46,6.864,32.25,0.01326,2961.6,327
2023-05-01,P012,MAK_SKU_12,Makeup,5626,5508,5040,80,261076.22999999998,115273.42,7943.84,13229.23,4507.66,120122.08,2168.3900000000003,274,25.8,6.5680000000000005,39.42,0.02134,3335.6,0
2023-06-01,P001,SKI_SKU_01,Skincare,3638,3514,3051,34,166867.95,120625.34,6359.53,7198.54,2758.1499999999996,29926.39,1681.58,215,35.9,7.25,24.770000000000003,0.0334,3037.5,0
2023-06-01,P002,SKI_SKU_02,Skincare,3633,3514,3462,65,69316.15,37145.75,9792.42,3718.31,2356.55,16303.119999999999,2211.6800000000003,223,29.200000000000003,7.42,16.740000000000002,0.0322,3927.5,46
2023-06-01,P003,FRA_SKU_03,Fragrance,2134,2086,1962,31,96237.98,47575.08,7454.13,4024.87,2793.1,34390.8,2176.81,149,22.125,7.2524999999999995,20.35,0.02055,3491.75,25
2023-06-01,P004,SKI_SKU_04,Skincare,5822,5671,5608,78,266675.19999999995,80468.88,8564.09,12529.76,2982.2999999999997,162130.17,2110.44,331,23.025,8.0375,20.46,0.025525,2799.0,64
2023-06-01,P005,MAK_SKU_05,Makeup,4509,4384,4222,80,219364.05000000002,101024.95999999999,5790.35,11848.09,3183.96,97516.69,1505.58,284,24.7,6.2299999999999995,24.32,0.027725,3317.25,105
2023-06-01,P006,MAK_SKU_06,Makeup,8278,8140,7325,133,452314.98,222352.23,6626.88,24336.539999999997,2286.33,196713.0,1885.31,455,34.775,7.2825,28.58,0.0162,2577.5,0
2023-06-01,P007,FRA_SKU_07,Fragrance,9933,9715,9896,189,566260.92,225808.71000000002,9447.72,26396.010000000002,3802.8,300805.68,6105.93,752,29.174999999999997,6.6425,22.79,0.02305,3344.25,298
2023-06-01,P008,SKI_SKU_08,Skincare,6682,6540,5757,68,39765.64,19534.4,5359.04,2166.08,2240.64,10465.48,7538.99,339,37.0,7.1975,24.439999999999998,0.02205,3645.25,0
2023-06-01,P009,MAK_SKU_09,Makeup,1578,1551,1309,22,68527.07,26697.14,9724.47,4132.19,2033.38,25939.89,477.70000000000005,83,40.65,7.37,15.21,0.01675,2639.75,0
2023-06-01,P010,MAK_SKU_10,Makeup,4471,4381,4498,75,199480.3,127546.82,10437.68,9891.57,2360.17,49244.06,2256.9700000000003,235,16.65,6.98,17.68,0.0203,3638.0,144
2023-06-01,P011,FRA_SKU_11,Fragrance,3609,3561,3706,50,110355.21,69735.45999999999,8544.87,5713.16,3073.92,23287.8,3711.29,249,29.125,6.9425,29.0,0.013000000000000001,3054.75,148
2023-06-01,P012,MAK_SKU_12,Makeup,4813,4741,4616,30,227975.21999999997,98761.01,5230.68,12264.21,2449.48,109269.84,2199.44,321,30.425,7.42,12.590000000000002,0.014975,1974.25,71
2023-07-01,P001,SKI_SKU_01,Skincare,4642,4554,4522,55,225590.46000000002,155161.99,15406.43,12576.46,4038.1,38407.479999999996,2238.78,220,30.8,7.302,32.57,0.018340000000000002,3226.8,67
2023-07-01,P002,SKI_SKU_02,Skincare,4738,4592,4614,47,96428.83,48230.96,8471.54,5150.9,3969.52,30605.910000000003,3061.65,259,26.48,7.459999999999999,19.57,0.03184,3154.8,102
2023-07-01,P003,FRA_SKU_03,Fragrance,3273,3199,2839,27,141105.28999999998,71951.95999999999,12823.48,6342.65,3122.0,46865.2,3007.21,158,26.119999999999997,7.306,33.599999999999994,0.02208,3516.4,0
2023-07-01,P004,SKI_SKU_04,Skincare,6087,5970,5766,74,286837.26,87544.02,10818.27,14276.23,3218.69,170980.05,2321.14,289,30.919999999999998,7.683999999999999,23.87,0.02048,2701.2,77
2023-07-01,P005,MAK_SKU_05,Makeup,5259,5141,5026,79,277129.66,114164.67000000001,8986.29,15829.19,3228.35,134921.16,1394.26,301,31.24,6.9879999999999995,23.5,0.022240000000000003,2866.8,121
2023-07-01,P006,MAK_SKU_06,Makeup,9654,9480,9374,209,574650.57,269191.32,7469.700000000001,34374.0,3577.15,260038.4,1624.4,465,22.639999999999997,7.404000000000001,31.09,0.01862,2919.6,41
2023-07-01,P007,FRA_SKU_07,Fragrance,11453,11371,11399,206,616980.37,253492.12,9052.4,28326.2,3116.84,322992.81,7208.9400000000005,613,15.819999999999999,7.090000000000001,27.86,0.006619999999999999,2350.6,341
2023-07-01,P008,SKI_SKU_08,Skincare,7003,6849,6343,54,42009.03,20285.64,13607.86,1420.0500000000002,2493.83,4201.65,7646.01,337,28.22,7.136,33.43,0.0215,2919.2,12
2023-07-01,P009,MAK_SKU_09,Makeup,1623,1571,1669,21,81719.06,27771.489999999998,11275.95,5018.6,3092.14,34560.880000000005,553.97,78,20.94,7.388,34.75,0.03002,3116.2,57
2023-07-01,P010,MAK_SKU_10,Makeup,5838,5721,5623,117,261354.34,169328.09,12249.47,16544.74,3793.21,59438.83,2722.34,370,33.339999999999996,6.256,26.79,0.0188,3208.6,114
2023-07-01,P011,FRA_SKU_11,Fragrance,4182,4123,3784,69,129133.51000000001,80144.04,10540.3,5030.610000000001,3118.21,30300.35,3917.36,212,22.96,6.8420000000000005,19.77,0.011940000000000001,3313.6,29
2023-07-01,P012,MAK_SKU_12,Makeup,6272,6111,5820,106,305659.45,128698.63,9028.630000000001,14110.470000000001,3644.73,150176.99,2200.57,362,13.76,7.45,38.22,0.02522,3214.4,42
2023-08-01,P001,SKI_SKU_01,Skincare,4294,4215,3891,37,213115.75,144862.36,6382.49,11730.94,2432.77,47707.19,2242.65,209,26.75,7.31,28.42,0.017825,3875.25,0
2023-08-01,P002,SKI_SKU_02,Skincare,3693,3565,4036,41,67571.1,38087.05,4783.72,4161.43,2088.45,18450.45,2380.83,202,30.625,7.535,21.55,0.03395,2693.25,312
2023-08-01,P003,FRA_SKU_03,Fragrance,2698,2606,2563,29,121503.78,59239.0,9033.58,7108.219999999999,3658.4,42464.58,2012.33,158,23.025,8.1225,26.9,0.0334,3210.0,111
2023-08-01,P004,SKI_SKU_04,Skincare,4449,4370,4044,54,192376.34,62750.729999999996,6210.4400000000005,8764.02,3368.46,111282.69,1537.27,248,22.95,6.37,15.700000000000001,0.0183,3655.5,0
2023-08-01,P005,MAK_SKU_05,Makeup,4068,3942,3909,25,215514.94,90907.91,11019.73,12366.880000000001,2962.9,98257.52,1229.11,208,30.325000000000003,6.7475,23.86,0.0304,2919.75,58
2023-08-01,P006,MAK_SKU_06,Makeup,7475,7317,7252,128,395206.27,202521.14,7337.23,16766.1,2948.59,165633.21,1074.1,437,23.1,6.9375,25.73,0.020874999999999998,3210.25,271
2023-08-01,P007,FRA_SKU_07,Fragrance,7963,7830,7191,90,392862.24,178616.14,13374.980000000001,18097.99,2805.13,179968.0,4403.91,414,32.025,6.745,27.400000000000002,0.016649999999999998,3437.0,0
2023-08-01,P008,SKI_SKU_08,Skincare,6450,6285,6449,87,39138.119999999995,18338.08,9153.01,2249.94,3060.1,6336.99,6706.18,307,32.675,7.015000000000001,26.189999999999998,0.023825,3044.0,389
2023-08-01,P009,MAK_SKU_09,Makeup,1420,1394,1462,24,69530.78,24377.3,8381.05,3219.68,2014.94,31537.81,469.62,96,32.175,6.54,18.03,0.01795,2961.5,59
2023-08-01,P010,MAK_SKU_10,Makeup,3903,3809,3927,16,172166.96,109414.11,8533.16,11507.08,3430.9,39281.71,1754.4900000000002,255,42.425,6.6825,18.380000000000003,0.024225,3363.0,188
2023-08-01,P011,FRA_SKU_11,Fragrance,3134,3066,2904,27,99834.33,59668.93,4947.87,5522.89,3050.04,26644.6,3284.56,176,32.3,6.225,28.09,0.020874999999999998,3173.75,31
2023-08-01,P012,MAK_SKU_12,Makeup,4936,4799,5244,87,231654.19,101420.34,14581.759999999998,8422.640000000001,4018.6000000000004,103210.85,1772.74,319,28.724999999999998,6.9350000000000005,13.149999999999999,0.0263,2974.5,262
2023-09-01,P001,SKI_SKU_01,Skincare,4086,4005,4083,37,219885.99,131046.74,8065.89,10844.720000000001,2679.93,67248.70999999999,2135.2799999999997,171,26.549999999999997,6.782500000000001,20.52,0.018525,2883.25,55
2023-09-01,P002,SKI_SKU_02,Skincare,3556,3460,3368,38,67655.45999999999,37348.05,7606.58,3307.9300000000003,2333.8500000000004,17059.05,1902.56,198,35.275,7.16,28.34,0.030025000000000003,2930.75,38
2023-09-01,P003,FRA_SKU_03,Fragrance,2535,2526,2530,40,119700.18000000001,54580.28,8891.76,7135.73,2750.67,46341.74,2251.5299999999997,195,25.5,7.0675,35.519999999999996,0.00365,3173.75,81
2023-09-01,P004,SKI_SKU_04,Skincare,4919,4830,4838,97,219536.71000000002,68895.02,8588.73,9065.47,2465.45,130522.04,2135.35,305,34.0,7.1475,24.52,0.0174,3264.25,175
2023-09-01,P005,MAK_SKU_05,Makeup,4345,4268,3940,48,214906.84,92735.86,8236.869999999999,7296.67,2854.75,103782.69,1553.08,218,34.875,6.4675,27.05,0.0174,3310.0,0
2023-09-01,P006,MAK_SKU_06,Makeup,7464,7329,6568,120,394357.25,200985.97999999998,11665.59,13203.48,3142.8,165359.4,1577.77,466,36.25,7.4425,23.419999999999998,0.017349999999999997,3744.5,0
2023-09-01,P007,FRA_SKU_07,Fragrance,10977,10829,12399,124,604436.6599999999,253427.2,15824.91,34560.65,2427.54,298196.36,6994.610000000001,877,-0.9749999999999999,7.305,23.79,0.013225,2499.0,858
2023-09-01,P008,SKI_SKU_08,Skincare,7060,6933,6580,42,45739.26,20464.010000000002,6905.01,2892.96,3140.92,12336.36,7118.1,354,20.975,6.922499999999999,16.52,0.018674999999999997,2748.75,9
2023-09-01,P009,MAK_SKU_09,Makeup,1334,1305,1143,4,63552.55,23461.57,6519.5599999999995,2813.33,2690.54,28067.55,381.97,57,25.4,6.84,35.41,0.0206,3300.75,0
2023-09-01,P010,MAK_SKU_10,Makeup,3905,3857,3696,44,177430.03,116229.26999999999,11271.21,10015.63,2535.07,37378.85,1691.24,191,26.125,7.885,33.33,0.012125,3289.0,36
2023-09-01,P011,FRA_SKU_11,Fragrance,3130,3064,2890,36,97736.06,58998.44,10681.58,5717.09,3200.06,19138.89,2981.8,209,19.275,6.875,18.9,0.019525,3698.0,13
2023-09-01,P012,MAK_SKU_12,Makeup,4930,4854,4104,34,208052.36,100013.2,11451.28,12208.689999999999,2723.41,81655.78,2124.73,216,26.75,7.47,25.39,0.014400000000000001,2847.75,0
2023-10-01,P001,SKI_SKU_01,Skincare,4769,4725,4574,69,246753.34,159094.63,12054.56,11572.36,3459.67,60572.119999999995,2308.92,261,18.919999999999998,7.436,33.65,0.00878,3227.6,19
2023-10-01,P002,SKI_SKU_02,Skincare,4578,4444,4113,52,80691.14,50246.990000000005,8919.69,3326.31,3769.54,14428.61,3134.1,253,31.18,7.264,34.01,0.02876,2787.0,0
2023-10-01,P003,FRA_SKU_03,Fragrance,3222,3152,3461,42,157371.06,74113.63,11928.87,7382.209999999999,3732.67,60213.68,3040.63,175,17.22,7.19,26.88,0.021660000000000002,2576.0,189
2023-10-01,P004,SKI_SKU_04,Skincare,6184,6043,5531,99,274912.36,89911.85,7854.75,12270.51,3319.89,161555.36,1978.61,391,36.239999999999995,6.598000000000001,33.85,0.022699999999999998,3267.6,0
2023-10-01,P005,MAK_SKU_05,Makeup,5873,5758,5955,98,295800.2,131274.45,5444.41,12351.78,3798.47,142931.09,1780.33,297,34.1,7.164,23.849999999999998,0.01994,2699.2,322
2023-10-01,P006,MAK_SKU_06,Makeup,8104,7903,9201,87,485005.56,219312.1,15130.93,27853.29,3781.02,218928.22,1625.98,604,27.54,7.436,22.400000000000002,0.023399999999999997,2423.4,711
2023-10-01,P007,FRA_SKU_07,Fragrance,11643,11462,11319,218,661573.46,272279.68,11303.2,28245.42,2888.41,346856.75,6612.47,637,25.82,6.896000000000001,29.61,0.0153,3335.0,201
2023-10-01,P008,SKI_SKU_08,Skincare,7578,7438,7368,86,48857.94,21558.379999999997,16850.01,2538.06,3455.73,4455.76,7124.75,370,22.740000000000002,7.425999999999999,30.04,0.01868,3124.4,164
2023-10-01,P009,MAK_SKU_09,Makeup,1563,1528,1546,33,76569.19,26834.51,6233.28,4172.99,3984.85,35343.56,556.4,108,27.380000000000003,7.318,29.48,0.01984,2601.8,48
2023-10-01,P010,MAK_SKU_10,Makeup,6500,6344,6604,119,270213.18,186594.94,14888.82,14051.84,4119.33,50558.25,2716.37,326,26.54,7.362,23.240000000000002,0.023700000000000002,3485.0,249
2023-10-01,P011,FRA_SKU_11,Fragrance,4028,3965,3616,35,120028.48999999999,75701.79000000001,11302.71,5803.84,3898.38,23321.77,3894.89,200,31.839999999999996,6.898000000000001,21.779999999999998,0.01558,3237.2,26
2023-10-01,P012,MAK_SKU_12,Makeup,5959,5816,5409,90,273580.1,121945.84,14349.75,11922.04,4148.3,121214.17,2421.21,286,26.78,7.1819999999999995,26.73,0.02706,2933.8,71
2023-11-01,P001,SKI_SKU_01,Skincare,3802,3754,3676,40,191355.3,131651.8,9121.92,8867.26,2584.01,39130.31,2274.76,234,33.4,7.202500000000001,24.18,0.012725,2766.0,63
2023-11-01,P002,SKI_SKU_02,Skincare,4246,4186,3808,54,75263.97,43551.32,7660.57,4774.65,2809.44,16467.99,2138.91,253,22.125,6.672499999999999,19.330000000000002,0.013274999999999999,2927.0,0
2023-11-01,P003,FRA_SKU_03,Fragrance,2735,2688,2652,61,134696.95,61950.51,8686.91,6139.549999999999,1651.48,56268.5,2380.34,172,27.15,6.9,22.04,0.016825,2801.25,4
2023-11-01,P004,SKI_SKU_04,Skincare,5995,5834,5346,64,258729.99,85819.81,5869.629999999999,16739.79,4037.69,146263.07,2089.18,321,26.75,7.2075,24.75,0.026525,3658.75,0
2023-11-01,P005,MAK_SKU_05,Makeup,4613,4494,4350,42,247325.74,104786.11,11380.03,11146.57,3064.65,116948.37,1428.67,264,20.575000000000003,6.2025,29.87,0.022725,2608.0,41
2023-11-01,P006,MAK_SKU_06,Makeup,8811,8510,9226,114,473398.72,247776.04,8885.65,34312.630000000005,3471.44,178952.96,1862.58,439,18.3,7.9125,24.580000000000002,0.033174999999999996,3316.25,614
2023-11-01,P007,FRA_SKU_07,Fragrance,10519,10148,10541,139,599104.62,238952.85,9857.64,36748.16,3071.08,310474.89,6358.48,539,31.674999999999997,7.0125,25.02,0.035075,3622.5,238
2023-11-01,P008,SKI_SKU_08,Skincare,7157,6984,7503,146,45692.2,20679.22,8758.08,2357.77,3010.24,10886.89,6963.61,441,27.85,6.5575,23.32,0.024499999999999997,2866.0,410
2023-11-01,P009,MAK_SKU_09,Makeup,1562,1521,1374,24,71958.12,27755.95,9333.75,3809.51,3551.41,27507.5,584.22,74,27.400000000000002,7.735,17.02,0.0226,3097.5,1
2023-11-01,P010,MAK_SKU_10,Makeup,5125,5008,4658,108,216694.05,149726.3,13786.77,12014.25,2425.5099999999998,38741.22,2649.82,233,26.775,6.1725,25.080000000000002,0.020675,2635.25,1
2023-11-01,P011,FRA_SKU_11,Fragrance,4184,4079,3823,45,125304.63,80000.67,9395.12,7359.18,2870.55,25679.11,4594.52,180,38.5,7.0925,23.58,0.0247,2757.25,0
2023-11-01,P012,MAK_SKU_12,Makeup,5957,5879,5667,48,299617.23,119883.7,11689.43,11927.77,3152.96,152963.37,2961.02,326,43.7,6.922499999999999,20.04,0.012175,3039.25,62
2023-12-01,P001,SKI_SKU_01,Skincare,4236,4148,3791,47,209794.66999999998,140661.16,8921.53,8329.88,2612.67,49269.43,2141.66,183,39.35,7.3025,24.78,0.020025,2497.25,0
2023-12-01,P002,SKI_SKU_02,Skincare,4328,4226,4478,81,81819.88,46321.869999999995,9489.29,3546.23,2608.11,19854.38,2886.0699999999997,219,43.075,7.2525,30.880000000000003,0.0255,2825.25,200
2023-12-01,P003,FRA_SKU_03,Fragrance,3258,3179,3212,61,145787.86,72377.68,8373.32,5999.51,2564.12,56473.23,3575.02,153,35.775,6.2275,24.22,0.025975,3529.25,67
2023-12-01,P004,SKI_SKU_04,Skincare,6821,6664,6494,88,317443.69999999995,96069.26000000001,11319.39,22467.8,2411.6400000000003,185175.61000000002,2399.56,395,30.975,7.2125,18.049999999999997,0.022600000000000002,3288.0,42
2023-12-01,P005,MAK_SKU_05,Makeup,4567,4480,4021,101,228171.52000000002,103323.31999999999,7795.94,12308.0,2521.8199999999997,102222.44,1558.29,140,43.575,7.335,20.78,0.017525,2756.25,0
2023-12-01,P006,MAK_SKU_06,Makeup,9073,8926,8700,73,514257.7,257906.94,6820.679999999999,24013.690000000002,3526.53,221989.86,1778.55,648,30.925,7.055,23.21,0.014925,3031.25,65
2023-12-01,P007,FRA_SKU_07,Fragrance,9902,9730,8998,76,515559.04000000004,220886.02000000002,7952.83,26318.65,2872.7799999999997,257528.76,6542.389999999999,559,28.5,6.9525,26.75,0.01795,2774.75,12
2023-12-01,P008,SKI_SKU_08,Skincare,7305,7088,6964,91,44533.41,20808.95,7767.23,2252.29,2819.83,10885.11,8259.39,442,24.224999999999998,6.7475,21.98,0.029025000000000002,2512.0,144
2023-12-01,P009,MAK_SKU_09,Makeup,1530,1512,1307,12,71816.8,26941.81,10133.880000000001,4528.13,2280.46,27932.519999999997,617.47,87,7.25,7.2325,22.23,0.011325,3101.75,0
2023-12-01,P010,MAK_SKU_10,Makeup,4729,4614,5004,111,183615.25,134273.35,9809.009999999998,7570.040000000001,2596.43,29366.420000000002,1934.4999999999998,297,32.125,6.6825,19.97,0.023674999999999998,3281.5,281
2023-12-01,P011,FRA_SKU_11,Fragrance,3973,3940,4186,77,120493.77,75516.53,10383.279999999999,5679.75,2808.27,26105.940000000002,4284.07,309,31.775,7.215,24.79,0.007125,3804.25,294
2023-12-01,P012,MAK_SKU_12,Makeup,6142,5994,5863,72,293499.18,128980.02,11937.33,16266.599999999999,2427.92,133887.31,2560.19,478,29.4,7.0649999999999995,14.650000000000002,0.024,2927.25,4
2024-01-01,P001,SKI_SKU_01,Skincare,4945,4848,5010,62,260030.31,164650.57,12287.52,12994.38,3748.23,66349.61,2634.1,270,26.2,7.25,27.22,0.01978,2943.2,227
2024-01-01,P002,SKI_SKU_02,Skincare,4727,4631,4452,48,85367.26000000001,50231.18,13621.29,3712.54,3127.9700000000003,14674.28,2674.9,213,33.38,7.058,16.049999999999997,0.01964,3329.8,97
2024-01-01,P003,FRA_SKU_03,Fragrance,2978,2928,3190,47,134074.43,66335.04,8511.74,7350.05,4217.780000000001,47659.82,2666.9900000000002,155,34.78,7.118,27.810000000000002,0.0186,2788.6,256
2024-01-01,P004,SKI_SKU_04,Skincare,5838,5740,5961,85,286906.06,80952.03,12157.78,10816.18,2578.16,180401.91,1917.04,346,25.0,7.3,25.19,0.0187,3784.0,125
2024-01-01,P005,MAK_SKU_05,Makeup,5575,5449,5613,42,282540.08,127399.16,15258.740000000002,14319.78,3950.27,121612.13,1822.78,343,41.12,7.093999999999999,31.92,0.02226,2970.0,236
2024-01-01,P006,MAK_SKU_06,Makeup,10337,10094,9849,53,589452.87,282253.38,9752.95,24860.58,2650.05,269935.91000000003,1750.5,604,31.5,6.9239999999999995,36.77,0.02422,3149.4,192
2024-01-01,P007,FRA_SKU_07,Fragrance,12322,12115,11252,203,646318.88,275092.27,14949.95,33961.92,2818.02,319496.72,8345.76,731,28.939999999999998,7.609999999999999,20.36,0.01814,3241.6,83
2024-01-01,P008,SKI_SKU_08,Skincare,8158,8047,7035,125,49420.2,23354.81,9510.31,1787.2400000000002,2575.11,12192.73,8977.28,398,27.0,7.209999999999999,32.32,0.014119999999999999,3778.6,0
2024-01-01,P009,MAK_SKU_09,Makeup,1810,1774,1706,31,92072.64,30978.62,4897.3099999999995,4277.5599999999995,3512.0,48407.15,632.07,115,24.02,6.784000000000001,34.84,0.01774,2870.4,16
2024-01-01,P010,MAK_SKU_10,Makeup,4734,4638,4458,45,210936.6,135174.49,10105.85,13785.650000000001,3420.88,48449.729999999996,2157.64,290,14.02,7.231999999999999,35.68,0.01908,3328.2,39
2024-01-01,P011,FRA_SKU_11,Fragrance,4004,3892,3683,55,123921.94,78258.34,15447.6,4339.96,2985.07,22890.97,3202.11,168,37.019999999999996,7.678,37.51,0.026339999999999995,3165.6,10
2024-01-01,P012,MAK_SKU_12,Makeup,6459,6397,5810,121,299266.05,136259.86,10124.039999999999,14027.05,4028.6800000000003,134826.41999999998,2509.64,378,23.5,6.87,23.2,0.009859999999999999,3067.6,51
2024-02-01,P001,SKI_SKU_01,Skincare,3759,3671,3495,32,177775.64,124300.58,10853.8,8365.35,2623.88,31632.03,1921.69,206,32.625,6.577500000000001,25.119999999999997,0.02245,3077.25,77
2024-02-01,P002,SKI_SKU_02,Skincare,3658,3577,3501,30,69936.01000000001,38389.130000000005,8210.26,4051.11,1938.5,17347.010000000002,2050.7200000000003,243,41.55,6.84,22.990000000000002,0.02165,3265.75,20
2024-02-01,P003,FRA_SKU_03,Fragrance,2526,2507,2329,41,116312.98999999999,54322.26,7118.97,5225.47,3489.4,46156.89,2233.1,187,26.049999999999997,6.855,25.29,0.0062,2554.0,23
2024-02-01,P004,SKI_SKU_04,Skincare,5564,5407,5495,86,232158.07,82988.41,9093.47,10617.32,2084.29,127374.58,1907.87,292,25.65,6.815,30.68,0.028325,3071.25,270
2024-02-01,P005,MAK_SKU_05,Makeup,4939,4828,4827,68,269273.93,107629.43,7795.780000000001,16336.689999999999,2219.6099999999997,135292.41999999998,1247.28,279,22.25,6.6925,28.53,0.021275000000000002,3641.75,112
2024-02-01,P006,MAK_SKU_06,Makeup,6749,6610,6263,95,376591.66,189690.4,9312.1,23735.65,2797.44,151056.08000000002,1063.01,370,42.6,6.98,20.27,0.020025,2587.75,119
2024-02-01,P007,FRA_SKU_07,Fragrance,10160,9948,8981,86,481948.03,230778.87,12674.75,26328.25,3198.34,208967.82,6445.83,496,44.725,7.1,28.92,0.021374999999999998,3673.0,121
2024-02-01,P008,SKI_SKU_08,Skincare,6829,6621,6359,81,40016.17,19551.0,7241.51,1674.08,2157.85,9391.73,7622.25,400,30.275,7.1225,33.519999999999996,0.02795,2879.25,16
2024-02-01,P009,MAK_SKU_09,Makeup,1571,1532,1367,18,73741.49,28038.760000000002,4958.74,3903.23,3262.71,33578.05,603.73,79,21.725,6.875,14.66,0.02235,2617.75,0
2024-02-01,P010,MAK_SKU_10,Makeup,4803,4723,4565,85,214663.66,142079.4,9756.08,7050.32,2627.3900000000003,53150.47,2621.56,281,31.25,6.2375,27.35,0.01625,2997.25,23
2024-02-01,P011,FRA_SKU_11,Fragrance,2885,2829,3169,38,89435.39,55295.91,9531.61,4719.96,2984.92,16902.989999999998,3435.45,167,46.425,7.97,30.74,0.019225,3282.5,234
2024-02-01,P012,MAK_SKU_12,Makeup,5601,5535,5208,83,265281.37,113891.45,5289.17,18547.1,3181.81,124371.84,2267.52,277,24.6,8.025,24.73,0.011875,3236.75,57
2024-03-01,P001,SKI_SKU_01,Skincare,4231,4143,4365,22,210522.1,138336.31,11837.35,11717.18,1772.86,46858.4,1941.8400000000001,258,31.825,7.425,26.47,0.02035,3176.0,109
2024-03-01,P002,SKI_SKU_02,Skincare,4080,3972,4011,83,82587.05,41973.15,7318.78,4594.49,4559.5,24141.13,2704.49,252,29.925,7.51,27.79,0.0269,3202.75,95
2024-03-01,P003,FRA_SKU_03,Fragrance,2581,2501,2236,19,108081.09,56943.31,5301.71,6514.83,3535.27,35785.97,2776.74,162,25.875,6.5925,27.88,0.031475,2617.75,0
2024-03-01,P004,SKI_SKU_04,Skincare,5156,5074,5136,45,236136.7,74652.52,11073.51,8685.43,2764.81,138960.43,1588.71,309,22.275000000000002,6.7225,25.970000000000002,0.014875,3153.25,74
2024-03-01,P005,MAK_SKU_05,Makeup,4527,4439,4446,63,241711.8,100213.19,7257.57,10634.119999999999,2715.79,120891.13,1058.33,295,33.8,7.8275,22.57,0.019575,3048.5,55
2024-03-01,P006,MAK_SKU_06,Makeup,7572,7476,8807,175,460497.72,209220.05,9715.68,24225.65,2918.1099999999997,214418.22999999998,1237.93,634,27.800000000000004,7.0275,26.48,0.0132,2855.0,680
2024-03-01,P007,FRA_SKU_07,Fragrance,10396,10201,9738,53,570187.13,245375.23,10746.45,33021.84,2916.83,278126.78,6934.76,475,39.225,7.76,15.190000000000001,0.01815,2768.75,0
2024-03-01,P008,SKI_SKU_08,Skincare,5908,5796,5162,65,36591.56,17289.48,6842.33,2029.5,2496.0,7934.25,7433.07,330,32.825,6.65,22.29,0.018349999999999998,3384.25,2
2024-03-01,P009,MAK_SKU_09,Makeup,1488,1458,1506,9,76307.28,25508.86,8325.34,3865.81,2657.62,35949.65,510.79,69,17.85,7.52,22.25,0.018224999999999998,3519.5,27
2024-03-01,P010,MAK_SKU_10,Makeup,4736,4595,4350,45,202489.56,142044.57,9185.07,8291.150000000001,1868.9299999999998,41099.84,1876.73,255,27.125,6.505,32.87,0.030325,3150.75,44
2024-03-01,P011,FRA_SKU_11,Fragrance,3486,3414,3203,39,100501.89,67099.97,10115.59,5849.379999999999,1756.42,15680.53,3282.8199999999997,198,21.450000000000003,6.43,17.47,0.020325000000000003,2838.25,115
2024-03-01,P012,MAK_SKU_12,Makeup,5238,5157,4373,46,239106.91,105048.64,11960.44,10680.48,4115.030000000001,107302.31999999999,2188.07,297,36.4,7.2125,24.86,0.01495,3332.25,0
2024-04-01,P001,SKI_SKU_01,Skincare,4239,4159,3667,64,195478.84999999998,144967.72,6498.62,9239.92,4385.1900000000005,30387.399999999998,2048.54,222,23.0,7.1659999999999995,24.78,0.01746,3172.8,19
2024-04-01,P002,SKI_SKU_02,Skincare,5145,5041,4845,64,92778.24,54101.14,10733.08,3306.6200000000003,3219.2200000000003,21418.18,2663.44,268,27.5,7.056,37.0,0.0191,2621.4,114
2024-04-01,P003,FRA_SKU_03,Fragrance,3108,3055,2905,38,142023.01,69913.22,11100.970000000001,5103.1,3049.43,52856.29,3276.52,140,26.96,5.974,32.129999999999995,0.01598,3362.4,27
2024-04-01,P004,SKI_SKU_04,Skincare,6807,6619,6124,68,280677.32,96710.48,12398.47,9738.720000000001,2818.77,159010.88,2583.17,344,28.880000000000003,6.587999999999999,27.75,0.026600000000000002,3284.4,47
2024-04-01,P005,MAK_SKU_05,Makeup,5936,5840,5691,84,285898.01,129697.62,12096.76,14624.91,4278.29,125200.43000000001,2013.73,365,19.139999999999997,6.698,27.020000000000003,0.01574,3126.4,196
2024-04-01,P006,MAK_SKU_06,Makeup,10217,9989,9375,109,575509.46,276092.4,11815.86,26530.620000000003,4847.72,256222.86,2328.79,603,30.24,6.7780000000000005,23.48,0.022420000000000002,2876.6,105
2024-04-01,P007,FRA_SKU_07,Fragrance,13037,12698,11996,158,708971.8200000001,289865.58999999997,7242.89,41557.58,3925.53,366380.23,8406.9,677,30.380000000000003,7.731999999999999,29.5,0.025580000000000002,2876.0,38
2024-04-01,P008,SKI_SKU_08,Skincare,7547,7298,6567,46,44647.66,21361.47,15892.42,2393.5,2170.86,2829.41,8165.65,345,27.2,7.628,32.62,0.03214,3181.0,0
2024-04-01,P009,MAK_SKU_09,Makeup,1654,1624,1568,21,83544.79000000001,28319.65,7734.99,4086.33,4331.71,39072.11,550.63,89,34.4,7.343999999999999,34.64,0.01552,2188.2,35
2024-04-01,P010,MAK_SKU_10,Makeup,5742,5624,5067,85,242011.12,163853.90000000002,9669.45,14456.97,3638.4900000000002,50392.31,2922.08,313,29.48,7.156000000000001,25.32,0.02026,3251.2,36
2024-04-01,P011,FRA_SKU_11,Fragrance,4405,4348,4159,66,129741.19,82180.65,12553.79,4632.6900000000005,4664.8,25709.260000000002,4406.92,232,19.1,7.31,18.96,0.01338,2488.8,75
2024-04-01,P012,MAK_SKU_12,Makeup,6630,6463,6926,140,330275.06,134915.84,13677.93,15077.22,3304.13,163299.94,2643.91,473,24.619999999999997,7.306,27.34,0.024399999999999998,2584.4,358
2024-05-01,P001,SKI_SKU_01,Skincare,4039,3919,3741,41,199061.56,131584.68,8522.71,10753.99,1883.46,46316.72,2100.92,266,29.25,6.8675,23.66,0.0313,2940.25,36
2024-05-01,P002,SKI_SKU_02,Skincare,4539,4447,4208,56,83056.38,46765.12,10160.619999999999,5756.43,2564.0600000000004,17810.15,2555.44,194,23.025,6.275,27.54,0.020975,3238.0,26
2024-05-01,P003,FRA_SKU_03,Fragrance,2566,2523,2302,44,113275.26000000001,58847.07,8528.86,8010.26,3559.1,34329.97,2473.5,124,30.825000000000003,6.547499999999999,29.939999999999998,0.016599999999999997,3137.0,15
2024-05-01,P004,SKI_SKU_04,Skincare,4606,4573,4188,84,200895.58,66777.04,12193.369999999999,10161.83,3154.54,108608.8,2065.9,276,33.65,6.225,16.58,0.00745,3259.75,4
2024-05-01,P005,MAK_SKU_05,Makeup,4727,4661,4135,51,224093.40000000002,106518.23000000001,3117.74,13523.48,3371.37,97562.58,1386.56,256,25.549999999999997,6.845,23.22,0.014325,3370.5,0
2024-05-01,P006,MAK_SKU_06,Makeup,7673,7559,7795,94,437381.22000000003,202164.42,8510.75,23540.379999999997,2574.34,200591.33,1716.19,468,16.875,7.5625,21.580000000000002,0.014450000000000001,2935.5,308
2024-05-01,P007,FRA_SKU_07,Fragrance,10818,10655,10175,90,604454.05,246184.0,9903.9,31612.460000000003,2449.79,314303.9,6440.85,628,24.25,7.54,27.39,0.015025,2855.75,105
2024-05-01,P008,SKI_SKU_08,Skincare,6157,5997,5935,115,38633.24,17590.08,7752.9400000000005,1639.2,3132.71,8518.31,7770.04,375,33.15,6.995,23.9,0.02535,2652.25,153
2024-05-01,P009,MAK_SKU_09,Makeup,1433,1415,1384,30,73140.3,24119.85,8550.38,4114.61,2875.07,33480.39,502.52000000000004,65,38.725,7.09,24.07,0.011850000000000001,3338.5,21
2024-05-01,P010,MAK_SKU_10,Makeup,4384,4235,3908,70,182157.02,130908.23,11212.42,6420.28,3217.9700000000003,30398.11,1965.57,293,28.5,7.26,25.840000000000003,0.032424999999999995,3348.25,14
2024-05-01,P011,FRA_SKU_11,Fragrance,3924,3859,3741,59,124683.72,72915.85,8207.15,5236.59,3988.75,34335.380000000005,4659.65,280,18.9,7.5175,27.61,0.016125,3798.5,15
2024-05-01,P012,MAK_SKU_12,Makeup,4774,4707,4399,61,232218.5,97377.23000000001,8595.08,11866.12,3339.1800000000003,111040.89,2184.67,241,27.625,6.8025,29.61,0.014624999999999999,3448.25,48
2024-06-01,P001,SKI_SKU_01,Skincare,3554,3465,3775,61,185948.85,122192.33,10365.69,11980.130000000001,2799.01,38611.69,1815.85,261,23.7,6.5825000000000005,16.67,0.02385,2830.5,160
2024-06-01,P002,SKI_SKU_02,Skincare,3415,3338,2938,31,58212.1,36625.240000000005,11547.81,1834.06,2020.38,6184.610000000001,1953.3,180,24.9,6.88,24.419999999999998,0.0241,2353.5,0
2024-06-01,P003,FRA_SKU_03,Fragrance,2605,2564,2817,42,131476.87,58828.57,16472.55,5242.28,2596.67,48336.8,2132.86,141,28.900000000000002,7.3549999999999995,30.57,0.0152,2888.5,136
2024-06-01,P004,SKI_SKU_04,Skincare,5350,5222,4688,73,221116.63,77093.91,10402.58,12623.41,1808.32,119188.41,1843.9,329,26.525,6.875,19.17,0.02315,3229.0,72
2024-06-01,P005,MAK_SKU_05,Makeup,4832,4688,5137,92,264755.65,109860.45999999999,11594.75,11244.54,2690.0299999999997,129365.87,1757.8400000000001,367,39.425,7.8925,23.450000000000003,0.02975,2540.75,308
2024-06-01,P006,MAK_SKU_06,Makeup,8209,8091,7645,93,461047.62,222956.27,10606.0,28254.379999999997,2686.49,196544.47999999998,1491.2,566,27.1,7.1,27.77,0.0144,2433.5,0
2024-06-01,P007,FRA_SKU_07,Fragrance,9581,9302,8909,190,484634.10000000003,215143.74,7105.83,24436.73,2821.01,235126.78999999998,5343.11,575,28.0,7.470000000000001,23.810000000000002,0.0289,3401.25,196
2024-06-01,P008,SKI_SKU_08,Skincare,6103,6046,5767,99,40235.79,17208.14,6716.65,1797.67,3017.16,11496.169999999998,6912.15,319,24.75,7.8375,29.869999999999997,0.009775,3050.75,29
2024-06-01,P009,MAK_SKU_09,Makeup,1361,1335,1279,14,68705.07,24292.83,7701.5199999999995,3623.19,3334.0599999999995,29753.47,495.95,64,37.525,7.8425,14.54,0.016125,2908.25,12
2024-06-01,P010,MAK_SKU_10,Makeup,4363,4269,4650,50,199051.67,127003.31,9607.8,12079.04,3247.83,47113.69,1855.32,297,20.65,6.9575,32.99,0.02095,2830.5,281
2024-06-01,P011,FRA_SKU_11,Fragrance,3578,3489,3046,73,100562.15,68332.0,6803.639999999999,5269.1,2660.91,17496.5,3594.37,188,25.6,6.9,19.81,0.024575,3054.75,0
2024-06-01,P012,MAK_SKU_12,Makeup,5722,5545,5134,97,280133.52,115997.07,5953.38,14061.490000000002,3811.94,140309.64,2503.81,297,30.175,6.8325,22.490000000000002,0.0302,3702.5,0
2024-07-01,P001,SKI_SKU_01,Skincare,4350,4302,4042,42,222773.09,144054.81,5480.26,11427.529999999999,4939.41,56871.08,2209.12,191,32.260000000000005,7.874,30.68,0.010839999999999999,3157.2,21
2024-07-01,P002,SKI_SKU_02,Skincare,4638,4537,4682,102,90759.95,48883.47,8121.93,5285.6900000000005,3730.2,24738.66,3139.24,301,27.24,7.5920000000000005,34.519999999999996,0.0211,3475.2,130
2024-07-01,P003,FRA_SKU_03,Fragrance,3220,3135,2835,50,139770.08000000002,71614.26,10108.369999999999,6262.8099999999995,3505.44,48279.2,3127.82,217,31.76,6.944,34.25,0.02546,2898.6,29
2024-07-01,P004,SKI_SKU_04,Skincare,5748,5680,5519,110,245640.63,79256.98,9476.49,14644.17,3786.11,138476.88,1862.82,296,31.48,7.55,27.32,0.0111,2434.8,123
2024-07-01,P005,MAK_SKU_05,Makeup,6482,6326,6000,86,336003.72,146447.45,16447.76,13511.71,4377.49,155219.31,1851.49,311,29.7,6.866,23.82,0.02386,2603.2,112
2024-07-01,P006,MAK_SKU_06,Makeup,10164,10032,9180,192,533876.99,269134.73,12361.5,23804.690000000002,3081.96,225494.11000000002,2221.0299999999997,517,27.74,6.392,30.5,0.0127,2554.8,66
2024-07-01,P007,FRA_SKU_07,Fragrance,11278,11022,10604,160,534392.62,253648.29,9212.130000000001,31871.5,3843.1800000000003,235817.52000000002,5323.55,542,33.3,7.026000000000001,27.87,0.02152,3035.0,254
2024-07-01,P008,SKI_SKU_08,Skincare,7594,7430,7246,132,48548.25,22242.730000000003,11910.17,2248.9300000000003,2811.23,9335.19,6676.49,347,27.68,6.944,34.89,0.02052,2908.0,118
2024-07-01,P009,MAK_SKU_09,Makeup,1735,1709,1548,21,82913.92,29039.68,13474.68,3836.1,3013.77,33549.69,547.09,103,33.12,7.242,27.43,0.01422,3307.4,0
2024-07-01,P010,MAK_SKU_10,Makeup,5248,5072,4859,63,237710.76,156418.31,11495.52,9963.119999999999,3050.9,56782.91,2186.31,330,28.02,7.172,30.23,0.03218,2791.2,25
2024-07-01,P011,FRA_SKU_11,Fragrance,4381,4311,4267,40,140120.76,82948.28,9705.33,7569.3099999999995,2772.23,37125.61,4026.81,260,32.7,7.4079999999999995,18.59,0.01524,2557.8,72
2024-07-01,P012,MAK_SKU_12,Makeup,7185,7030,6155,86,321964.13,146799.14,8972.36,14396.24,3448.8,148347.59,2992.26,262,28.660000000000004,6.676,27.41,0.02028,3488.2,0
2024-08-01,P001,SKI_SKU_01,Skincare,4066,3925,3697,73,203648.86000000002,135054.47999999998,8135.43,6458.51,2908.3199999999997,51092.12,2055.43,229,36.175,6.5525,25.41,0.03255,2775.25,5
2024-08-01,P002,SKI_SKU_02,Skincare,3801,3744,3420,45,69825.81,40176.19,6855.77,3679.17,3319.4,15795.28,2288.49,243,18.400000000000002,6.585,18.43,0.014000000000000002,2950.0,19
2024-08-01,P003,FRA_SKU_03,Fragrance,2947,2888,2685,46,134069.97,65371.520000000004,9774.86,7502.23,2438.51,48982.85,2636.31,136,27.475,6.8,22.87,0.019174999999999998,2727.75,0
2024-08-01,P004,SKI_SKU_04,Skincare,4897,4833,4529,58,202561.1,68113.1,10238.92,12779.83,3620.92,107808.33,1972.06,222,26.375,6.970000000000001,27.91,0.013375000000000001,3258.0,33
2024-08-01,P005,MAK_SKU_05,Makeup,4697,4621,4932,55,236616.9,107660.83,10400.51,13457.64,4350.49,100747.43,1388.69,316,23.95,7.4799999999999995,27.14,0.015125000000000001,1897.0,176
2024-08-01,P006,MAK_SKU_06,Makeup,7672,7509,7180,131,411667.46,204636.81,9577.84,21461.66,3137.63,172853.52,1280.25,423,39.75,6.85,28.61,0.020725,2574.5,128
2024-08-01,P007,FRA_SKU_07,Fragrance,8412,8198,7776,95,450137.41,190744.59,5832.08,17309.91,3753.5600000000004,232497.27,5414.39,464,45.6,7.355,16.07,0.0234,3207.75,155
2024-08-01,P008,SKI_SKU_08,Skincare,6583,6380,6822,208,42202.79,19329.82,13187.06,2772.46,3756.54,3156.91,7070.95,433,32.875,7.705,33.3,0.02985,2937.0,365
2024-08-01,P009,MAK_SKU_09,Makeup,1532,1496,1387,21,75901.16,26838.1,4551.62,4110.47,3423.79,36977.18,555.48,86,28.625,6.8625,22.689999999999998,0.0225,2877.0,0
2024-08-01,P010,MAK_SKU_10,Makeup,4299,4189,3856,43,182459.8,124862.70999999999,5356.99,11488.11,3108.43,37643.56,1723.55,228,36.775,6.717499999999999,28.92,0.02465,3543.25,35
2024-08-01,P011,FRA_SKU_11,Fragrance,3329,3245,3160,57,96123.84,60813.46,13035.89,5719.179999999999,2970.8199999999997,13584.49,2801.39,167,28.1,6.68,18.98,0.026175,3193.0,44
2024-08-01,P012,MAK_SKU_12,Makeup,5616,5564,4941,67,264509.21,113931.45,9971.88,12322.9,1999.23,126283.75,1970.82,248,40.025,6.6375,22.240000000000002,0.009425,3203.5,0
2024-09-01,P001,SKI_SKU_01,Skincare,4438,4334,3938,69,218452.25,151302.12,5655.46,10762.36,3650.17,47082.14,2698.84,186,33.980000000000004,7.42,30.89,0.021259999999999998,2956.4,0
2024-09-01,P002,SKI_SKU_02,Skincare,4847,4741,4761,61,91699.69,49783.86,11152.61,5188.68,2580.0699999999997,22994.47,3392.91,365,25.14,7.469999999999999,29.09,0.020700000000000003,2598.2,41
2024-09-01,P003,FRA_SKU_03,Fragrance,2886,2800,2645,36,132368.59,64899.21,8788.11,6839.389999999999,4990.469999999999,46851.41,2792.43,141,32.260000000000005,6.238,30.950000000000003,0.028500000000000004,2787.0,13
2024-09-01,P004,SKI_SKU_04,Skincare,5410,5284,5587,68,251398.0,76023.16,13414.49,12598.64,3289.74,146071.97,2223.15,356,42.8,6.736,33.83,0.02312,3636.6,196
2024-09-01,P005,MAK_SKU_05,Makeup,5455,5293,4974,60,266740.12,119974.85,7119.88,10085.7,3388.6600000000003,126171.03,1421.65,247,33.9,6.744,17.66,0.02848,2830.0,152
2024-09-01,P006,MAK_SKU_06,Makeup,9176,8952,8846,143,531249.95,250636.69999999998,10132.78,23723.71,2966.48,243790.28,1794.94,527,28.660000000000004,6.8260000000000005,29.9,0.02326,2857.0,241
2024-09-01,P007,FRA_SKU_07,Fragrance,12038,11702,11148,201,634131.52,273759.66000000003,12502.01,28665.45,3229.25,315975.15,6511.57,614,28.22,6.936,23.84,0.028800000000000003,2772.4,61
2024-09-01,P008,SKI_SKU_08,Skincare,10161,9943,9458,95,66228.73,29509.45,6302.34,2917.86,2918.38,24580.7,13955.24,648,28.0,6.946000000000001,34.37,0.0206,3513.0,106
2024-09-01,P009,MAK_SKU_09,Makeup,1733,1691,1686,27,87186.34999999999,28732.18,10782.64,4610.1900000000005,3979.23,39082.11,551.94,84,33.82,6.93,28.86,0.022600000000000002,3166.6,34
2024-09-01,P010,MAK_SKU_10,Makeup,5047,4893,4808,59,215383.37,142854.21,12026.29,11419.310000000001,3366.2400000000002,45717.32,2038.44,322,26.8,6.87,29.96,0.03168,3323.2,107
2024-09-01,P011,FRA_SKU_11,Fragrance,4519,4428,4910,44,155107.22,82878.08,13128.7,6901.650000000001,2594.19,49604.6,4650.13,238,28.139999999999997,7.08,31.15,0.01934,3388.4,270
2024-09-01,P012,MAK_SKU_12,Makeup,7141,6977,7561,155,353541.63,143827.82,10554.57,20190.01,3145.0299999999997,175824.2,3347.05,490,36.38,6.614,34.55,0.02364,2660.4,378
2024-10-01,P001,SKI_SKU_01,Skincare,4185,4141,4387,89,203074.54,142096.43,11757.36,10076.29,2860.5099999999998,36283.95,1735.87,300,21.325,7.0025,27.71,0.010275,2565.25,168
2024-10-01,P002,SKI_SKU_02,Skincare,3491,3419,3485,68,68107.43000000001,37494.340000000004,10158.63,2648.25,2988.0499999999997,14818.16,1804.66,274,31.275,6.5075,25.45,0.021375,3174.5,87
2024-10-01,P003,FRA_SKU_03,Fragrance,2964,2891,2809,43,133804.36,67295.1,7189.6900000000005,6631.389999999999,2643.37,50044.81,2938.33,154,15.85,6.6325,12.030000000000001,0.025275,3032.0,38
2024-10-01,P004,SKI_SKU_04,Skincare,5319,5217,5120,67,253896.50999999998,73893.98999999999,9356.439999999999,13712.869999999999,3493.91,153439.3,2048.46,281,32.225,6.0975,25.42,0.018775,3265.25,30
2024-10-01,P005,MAK_SKU_05,Makeup,4294,4185,4075,69,233536.81,94941.85,5890.139999999999,13968.57,2866.99,115869.26000000001,1286.19,290,36.575,6.86,22.94,0.025,3280.75,74
2024-10-01,P006,MAK_SKU_06,Makeup,9483,9229,8797,132,509188.25,254750.48,5781.65,29101.93,3065.22,216488.97,1763.2,463,14.65,7.1125,27.99,0.02615,2855.75,336
2024-10-01,P007,FRA_SKU_07,Fragrance,8803,8590,8531,57,480225.8,193322.58000000002,11009.85,18340.44,3060.9,254492.03,6292.59,368,19.3,7.4025,20.259999999999998,0.02415,3589.5,98
2024-10-01,P008,SKI_SKU_08,Skincare,7632,7498,6784,94,47634.15,22177.46,6313.18,1848.63,2515.5,14779.380000000001,8130.82,400,23.45,7.3149999999999995,24.400000000000002,0.018099999999999998,3190.5,0
2024-10-01,P009,MAK_SKU_09,Makeup,1674,1654,1798,16,91050.95999999999,27604.920000000002,9921.39,6583.7,2616.08,44324.869999999995,716.97,119,36.3,7.5075,19.33,0.011975,1737.5,84
2024-10-01,P010,MAK_SKU_10,Makeup,5355,5189,5675,108,241834.82,156765.2,12884.8,14147.96,2578.54,55458.32000000001,2951.11,379,25.425,7.197500000000001,24.42,0.029625,3119.75,290
2024-10-01,P011,FRA_SKU_11,Fragrance,3639,3517,3606,81,109728.68,68055.65,5965.65,6787.02,2847.1000000000004,26073.260000000002,4284.55,169,23.275,6.4475,17.01,0.033375,3577.5,211
2024-10-01,P012,MAK_SKU_12,Makeup,4927,4870,4939,66,263896.55,99716.05,5908.78,16993.62,2718.52,138559.58000000002,1908.81,305,31.75,7.157500000000001,18.37,0.0132,3046.5,80
2024-11-01,P001,SKI_SKU_01,Skincare,4222,4129,3935,86,196143.07,141380.26,6668.14,11994.77,3146.11,32953.79,2338.12,206,33.025,7.125,22.28,0.021675,2753.5,59
2024-11-01,P002,SKI_SKU_02,Skincare,4172,4109,3968,66,77043.12,43679.68,11783.23,4270.67,3907.6400000000003,13401.900000000001,2818.17,202,33.0,7.04,20.490000000000002,0.0167,2956.0,59
2024-11-01,P003,FRA_SKU_03,Fragrance,2961,2906,2884,54,133298.63,67634.66,12380.78,7394.8099999999995,3630.36,42258.020000000004,2361.13,189,32.6,7.9350000000000005,30.67,0.018925,3224.5,3
2024-11-01,P004,SKI_SKU_04,Skincare,5948,5739,5479,65,247750.19,82697.95999999999,12558.08,14908.72,1808.13,135777.30000000002,2773.3900000000003,249,30.5,7.9175,24.41,0.0327,3296.75,42
2024-11-01,P005,MAK_SKU_05,Makeup,5273,5183,4695,47,261072.01,111118.77,5357.0599999999995,16010.51,3286.08,125299.59,2240.14,316,26.375,6.6775,28.05,0.016649999999999998,2371.75,0
2024-11-01,P006,MAK_SKU_06,Makeup,8301,8025,7326,90,440762.99,228963.05,8556.13,22563.95,3507.66,177172.2,2116.1000000000004,328,42.15,6.4175,21.209999999999997,0.032850000000000004,3514.75,0
2024-11-01,P007,FRA_SKU_07,Fragrance,9973,9677,9638,123,500753.82,222275.71,8373.49,24597.46,2607.58,242899.58000000002,5965.87,563,23.075,7.15,24.13,0.029525,2910.25,213
2024-11-01,P008,SKI_SKU_08,Skincare,6670,6498,6094,91,41678.86,18882.66,8395.53,2550.97,2294.6099999999997,9555.09,6849.61,300,21.275,6.97,21.76,0.0236,2919.25,17
2024-11-01,P009,MAK_SKU_09,Makeup,1441,1419,1359,17,67334.32,23890.61,8796.85,3098.1800000000003,2271.75,29276.93,571.96,100,26.075000000000003,7.03,22.92,0.013649999999999999,3049.5,28
2024-11-01,P010,MAK_SKU_10,Makeup,5031,4918,4665,38,213470.81,146841.45,5862.0599999999995,8918.4,2887.79,48961.11,2185.0,314,26.4,7.1875,24.93,0.022600000000000002,3203.75,57
2024-11-01,P011,FRA_SKU_11,Fragrance,3939,3864,3517,28,117197.53,76138.04,7859.2300000000005,4534.48,2103.34,26562.440000000002,3971.9500000000003,230,38.35,6.1325,34.53,0.019825,3331.0,20
2024-11-01,P012,MAK_SKU_12,Makeup,5866,5710,5958,105,308230.07,120170.26000000001,9185.06,11085.9,3446.33,164342.52,2905.27,390,25.4,7.11,23.24,0.027025,3987.25,159
2024-12-01,P001,SKI_SKU_01,Skincare,4837,4765,4467,49,247515.25,160887.68,8796.95,14679.99,3709.42,59441.21,2587.2200000000003,304,28.380000000000003,6.95,37.58,0.01416,2848.2,71
2024-12-01,P002,SKI_SKU_02,Skincare,5461,5270,5022,40,102881.4,58141.81,6943.9800000000005,4047.75,3468.14,30279.72,2991.66,354,21.72,6.806,35.82,0.03422,3258.2,0
2024-12-01,P003,FRA_SKU_03,Fragrance,3563,3460,3120,43,156308.94,77480.40000000001,9401.82,7742.02,2738.83,58945.87,3108.66,153,33.36,7.0840000000000005,30.169999999999998,0.0274,3158.0,22
2024-12-01,P004,SKI_SKU_04,Skincare,7650,7532,7842,127,339290.43,108149.36,11187.880000000001,24009.23,3047.63,192896.34,2476.7799999999997,406,25.779999999999994,6.996,44.73,0.0153,2653.6,297
2024-12-01,P005,MAK_SKU_05,Makeup,5587,5517,4921,47,267474.77999999997,121484.63,10139.68,15938.93,3697.9799999999996,116213.56,1352.4299999999998,205,25.54,7.159999999999999,36.73,0.012639999999999998,3084.2,0
2024-12-01,P006,MAK_SKU_06,Makeup,9544,9415,10435,138,540498.37,260455.61,18084.87,27939.61,4194.06,229824.22,1601.22,656,31.139999999999997,7.386,30.87,0.013420000000000001,3314.6,732
2024-12-01,P007,FRA_SKU_07,Fragrance,13898,13505,12713,142,743566.89,311749.25,7023.280000000001,39903.55,4570.47,380320.34,8510.0,648,20.04,7.529999999999999,27.79,0.02852,3452.6,123
2024-12-01,P008,SKI_SKU_08,Skincare,8383,8101,7649,114,52658.32,23919.28,12462.26,2967.98,3031.56,10277.24,10472.65,525,35.54,6.204,34.84,0.03302,3765.4,74
2024-12-01,P009,MAK_SKU_09,Makeup,1831,1808,1837,35,89794.48,31492.309999999998,11874.369999999999,4862.700000000001,3686.34,37878.76,642.69,126,18.619999999999997,7.464,24.54,0.01138,3487.4,51
2024-12-01,P010,MAK_SKU_10,Makeup,6789,6669,6315,97,307142.32,197093.49,6069.66,18920.59,3741.06,81317.52,3358.55,337,23.279999999999998,7.268000000000001,28.97,0.018260000000000002,2791.4,48
2024-12-01,P011,FRA_SKU_11,Fragrance,6079,5966,5566,86,181429.4,116584.1,9110.43,9407.28,2068.33,44259.26,5771.33,279,29.8,7.006,35.44,0.01706,3542.8,94
2024-12-01,P012,MAK_SKU_12,Makeup,7649,7538,8078,79,400849.16,156790.41999999998,14071.869999999999,17544.5,2997.06,209445.31,2995.58,491,21.68,7.912000000000001,22.42,0.01596,2841.0,356
